id,mask,thongtin,image,nu,nam,dotuoi,danam,danu,ngswap,vtrinam,tomLuocText
1,CLGD,"Today, both families meet to discuss marriage",https://raw.githubusercontent.com/spiderdassness/anh_raw/8b2e02b294082376749910777349d01af94a9523/wedding1.jpg,https://raw.githubusercontent.com/spiderdassness/anh_raw/8b2e02b294082376749910777349d01af94a9523/wedding1_n.jpg,https://raw.githubusercontent.com/spiderdassness/anh_raw/8b2e02b294082376749910777349d01af94a9523/wedding1_A.jpg,30,1,1,2,0,Discuss marriage
2,CLGD,The mother forces her son to see his eyes,https://i.ibb.co/7V5wMXy/photo-1-15690538951041229964467.jpg,https://i.ibb.co/zSjCndv/toolxox-com-split-image-1.png,https://i.ibb.co/GtDw3C8/toolxox-com-split-image.png,28,0,2,1,1,Blind date
3,CLGD,"After all the children got married, the couple stopped working to travel around the world",https://raw.githubusercontent.com/spiderdassness/anh_raw/6832391cd9888bda115e0f3f3e5d6c2b1aab783e/mi.jpg,https://raw.githubusercontent.com/spiderdassness/anh_raw/6832391cd9888bda115e0f3f3e5d6c2b1aab783e/mi_nu.jpg,https://raw.githubusercontent.com/spiderdassness/anh_raw/6832391cd9888bda115e0f3f3e5d6c2b1aab783e/mi_n.jpg,30,1,3,2,1,Retirement Journeys
4,CLGD,Mother-in-law and daughter-in-law often fight,https://raw.githubusercontent.com/spiderdassness/anh_raw/3ac2b072c988f9a1b06af8e4bad7cc7c22ace168/mc.jpg,https://raw.githubusercontent.com/test2003ondev/my_library/main/toolxox-com-split-image%20(4).png,https://raw.githubusercontent.com/test2003ondev/my_library/main/toolxox-com-split-image%20(5).png,40,0,1,0,0,Bitter Kinship
5,CLGD,The mother objected to the son who asked to marry the girl who lost his virginity,https://raw.githubusercontent.com/test2003ondev/my_library/main/5e4bb73d-5e4c-4670-b2f3-8f27e7bd0937.jpg,https://raw.githubusercontent.com/test2003ondev/my_library/main/toolxox-com-split-image%20(6).png,https://raw.githubusercontent.com/test2003ondev/my_library/main/toolxox-com-split-image%20(7).png,30,1,0,0,0,Love's Past Challenge
6,CLGD,Single mother accepted the marriage proposal of a boy 10 years younger than her,https://raw.githubusercontent.com/test2003ondev/my_library/main/me-don-than-1.png,https://raw.githubusercontent.com/test2003ondev/my_library/main/toolxox-com-split-image%20(8).png,https://raw.githubusercontent.com/test2003ondev/my_library/main/toolxox-com-split-image%20(9).png,30,0,1,0,0,Ties of Timeless Love
7,CLGD,The couple's son will marry the ex-girlfriend of the husband and the three of them will live together under one roof,https://raw.githubusercontent.com/spiderdassness/anh_raw/b6447077ce79093de63b2e7d0f88bd70fd46bf7a/js.jpg,https://raw.githubusercontent.com/spiderdassness/anh_raw/b6447077ce79093de63b2e7d0f88bd70fd46bf7a/js_n.jpg,https://raw.githubusercontent.com/spiderdassness/anh_raw/b6447077ce79093de63b2e7d0f88bd70fd46bf7a/js_nam.jpg,40,1,1,2,0,The Second Chance
8,CLGD,"In order to prevent the company from going bankrupt, the daughter decided to marry the son of the company's competitor",https://raw.githubusercontent.com/test2003ondev/my_library/main/21012904183304chinamillennial-8035-7852-1611982933.jpg,https://raw.githubusercontent.com/test2003ondev/my_library/main/toolxox-com-split-image%20(10).png,https://raw.githubusercontent.com/test2003ondev/my_library/main/toolxox-com-split-image%20(11).png,28,0,2,0,0,The Reluctant Bride
9,CLGD,The mother was kicked out of the house by her daughter-in-law for not cooking for her,https://i.ibb.co/X7Cc1Ft/couple-asian-traveller-happy-with-camera-sight-seeing-enjoy-moment-journey-studio-shot-white-backgro.webp,https://i.ibb.co/S3LXw14/toolxox-com-split-image-6.png,https://i.ibb.co/ChrRzHw/toolxox-com-split-image-7.png,50,0,1,0,0,The Unwelcome Guest
10,CLGD,"At the wedding, the mother discovered that her new daughter-in-law was sneaking with her husband",https://i.ibb.co/X36VLGb/couple-enjoying-time-together-23-2148518276.jpg,https://i.ibb.co/CHg7vJk/toolxox-com-split-image-2.png,https://i.ibb.co/fC6TFw6/toolxox-com-split-image-3.png,30,1,1,1,0,The Wedding Day Betrayal
11,CLGD,"After holding their last wedding, the two children went on a honeymoon in Paris",https://raw.githubusercontent.com/spiderdassness/anh_raw/fd2c88d0bc121694341a094b0fadf855f21306bb/paris.jpg,https://raw.githubusercontent.com/spiderdassness/anh_raw/fd2c88d0bc121694341a094b0fadf855f21306bb/paris_n.jpg,https://raw.githubusercontent.com/spiderdassness/anh_raw/fd2c88d0bc121694341a094b0fadf855f21306bb/paris_nam.jpg,30,2,2,2,1,Romantic Getaway
12,CLGD,"The father objected to the marriage of the child, because the father had an affair with the mother of that girl",https://raw.githubusercontent.com/spiderdassness/anh_raw/3a24098753502f82f1d6eee685235d76cf097833/0_State.jpg,https://raw.githubusercontent.com/spiderdassness/anh_raw/3a24098753502f82f1d6eee685235d76cf097833/0_State_n.jpg,https://raw.githubusercontent.com/spiderdassness/anh_raw/3a24098753502f82f1d6eee685235d76cf097833/0_State_a.jpg,70,1,1,2,1,The Secret Affair
13,CLGD,"Introduced to see his eyes, the guy found out that the object was the one he liked",https://i.ibb.co/bPhW85P/senior-couple-say-hi-look-camera-1150-7825.png,https://i.ibb.co/1GFscvw/toolxox-com-split-image-32.png,https://i.ibb.co/kJd90cS/toolxox-com-split-image-33.png,28,1,1,1,0,The Connection
14,CLGD,"After 3 years of marriage, the mother forced her son to divorce because her daughter-in-law was infertile",https://i.ibb.co/CbPbNT3/360-F-120806105-act75-QZf-Ejey-Q1hj8-OUx-YW9m-T9g-RNN7n.webp,https://i.ibb.co/pXRDVG9/toolxox-com-split-image-3.png,https://i.ibb.co/MZK3z3m/toolxox-com-split-image-2.png,50,1,1,1,1,The Pressure to Conceive
15,CLGD,"After marriage, the husband sent his wife to his grandmother's house because she was lazy",https://i.ibb.co/T2jjDv6/front-view-man-woman-using-cotton-pads-23-2149441255.webp,https://i.ibb.co/WcDmzF5/toolxox-com-split-image-5.png,https://i.ibb.co/6Y0z5nT/toolxox-com-split-image-4.png,40,1,1,0,1,The Lazy Wife
16,CLGD,"Right during her honeymoon, the girl discovered that her best friend was staying at the hotel in the next room and had an affair with her husband",https://i.ibb.co/0cSzDpW/360-F-569149906-y-Tqg-Zcw-WN0t-Le-S1lp-LNACb-FLBfto-BHRg.png,https://i.ibb.co/4SpFqtj/toolxox-com-split-image-4.png,https://i.ibb.co/wQZ6NTM/toolxox-com-split-image-5.png,35,1,1,0,0,Honeymoon Betrayal
17,CLGD,The girl agrees to marry the boy on the condition that she does not live with her mother-in-law,https://i.ibb.co/JQjFW1s/smiley-couple-embraced-outdoors-23-2148737778.webp,https://i.ibb.co/VmG6jtf/toolxox-com-split-image-8.png,https://i.ibb.co/bLzMwMN/toolxox-com-split-image-9.png,45,0,1,1,0,Marriage with Boundaries
18,CLGD,"Married for more than 5 years, the girl planned to appropriate her husband's property",https://i.ibb.co/2SJDdRr/medium-shot-couple-posing-together-23-2148984296.webp,https://i.ibb.co/FXQxpy8/toolxox-com-split-image-1.png,https://i.ibb.co/jb6PpFS/toolxox-com-split-image.png,0,0,0,0,1,The House of Lies
19,CLGD,The girl who canceled the wedding because she found out that her fiancé was her mother's lover,https://raw.githubusercontent.com/spiderdassness/anh_raw/1d3434519a32010626bdf5aae4f907c0a06b22ac/huy_cuoi.jpg,https://raw.githubusercontent.com/spiderdassness/anh_raw/1d3434519a32010626bdf5aae4f907c0a06b22ac/huy_cuoi_n.jpg,https://raw.githubusercontent.com/spiderdassness/anh_raw/1d3434519a32010626bdf5aae4f907c0a06b22ac/huy_cuoi_a.jpg,35,1,1,2,1,Marriage Cancelled
20,CLGD,The mother discovered that her son's fiancée was the biological child she had abandoned,https://i.ibb.co/VVgc5Lb/smiley-couple-with-dog-23-2148518243.jpg,https://i.ibb.co/V20484H/toolxox-com-split-image-5.png,https://i.ibb.co/3vBTwGw/toolxox-com-split-image-4.png,40,0,1,1,1,Long-lost Daughter Found
21,CLGD,The mother opposes the wedding because his mother is her love rival,https://raw.githubusercontent.com/spiderdassness/anh_raw/88024598d5d532baf60d9e59e6a5ecb4e5e66b96/inside.jpg,https://raw.githubusercontent.com/spiderdassness/anh_raw/88024598d5d532baf60d9e59e6a5ecb4e5e66b96/inside_n.jpg,https://raw.githubusercontent.com/spiderdassness/anh_raw/88024598d5d532baf60d9e59e6a5ecb4e5e66b96/inside_a.jpg,35,1,1,0,1,Mother's Love Rival
22,CLGD,"After getting married, the girl gave birth to her mother two grandsons",https://i.ibb.co/hCkGC8m/medium-shot-smiley-couple-23-2148984224.png,https://i.ibb.co/N2j8qH1/toolxox-com-split-image-3.png,https://i.ibb.co/Vj9h1h6/toolxox-com-split-image-2.png,35,0,1,2,1,A Gift from Her Daughter
23,CLGD,"Long-dead wife, mother suggests to son to take another step",https://i.ibb.co/V3QrYZR/lovely-young-couple-1098-16928.jpg,https://i.ibb.co/DLmqHwn/toolxox-com-split-image-35.png,https://i.ibb.co/M7kRHfq/toolxox-com-split-image-34.png,30,1,0,1,1,Mother's Proposal: Embrace New Love
24,CLGD,The girl married a man the same age as her father,https://i.ibb.co/hX0NWwp/young-couple-wearing-pajamas-smiling-man-wearing-glasses-pleased-woman-both-looking-front-doing-hear.jpg,https://i.ibb.co/SfL29Jm/toolxox-com-split-image-6.png,https://i.ibb.co/HBb2fxJ/toolxox-com-split-image-7.png,50,1,1,2,1,Age Gap Union
25,CLGD,"After marrying a tycoon husband, the mother-in-law always asks for money from her son-in-law",https://i.ibb.co/FnN8r2Q/happy-asian-couple-sitting-couch-home-with-tea-mugs-smiling-1098-17722.webp,https://i.ibb.co/2ZzSs71/toolxox-com-split-image-36.png,https://i.ibb.co/Xxjj69w/toolxox-com-split-image-37.png,45,0,1,1,0,"Wealthy Wedlock, Pleading Purses"