id,mask,thongtin,image,nu,nam,dotuoi,danam,danu,ngswap,vtrinam,tomLuocText
1,MS,"Because he still loved his ex-girlfriend, the husband gave her all his money, house, and car. After his wife found out, her family became homeless.",https://i.ibb.co/chmyWFx/dl-beatsnoop-com-low-1695713641.jpg,https://i.ibb.co/n8sVnQq/toolxox-com-split-image-71.png,https://i.ibb.co/vJdj2Lw/toolxox-com-split-image-70.png,45,5,5,0,1,ruins family because of ex
2,MS,"Your husband loves to shop, but your family goes bankrupt, you become homeless",https://i.ibb.co/WcS2Tv3/surprised-woman-looking-present-from-man-23-2147737286.jpg,https://i.ibb.co/XyMQzzW/toolxox-com-split-image-73.png,https://i.ibb.co/3SbDj1G/toolxox-com-split-image-72.png,35,5,5,0,1,bankrupts family cause of shoppingholic
3,MS,You will be jailed in jail for drug use,https://i.ibb.co/qRsvfZ9/young-caucasian-family-having-debt-problems-able-pay-out-their-loan-female-glasses-brunette-man-stud.jpg,https://i.ibb.co/qdMLfDk/toolxox-com-split-image-18.png,https://i.ibb.co/9TFMvKL/toolxox-com-split-image-19.png,35,2,2,1,0,Drug use leads to jail time.
4,MS,You will become the owner of a 5-star hotel chain,https://raw.githubusercontent.com/Thang1911/Save_Image/main/10/2.jpg,https://raw.githubusercontent.com/Thang1911/Save_Image/main/10/2-1%20(1).png,https://raw.githubusercontent.com/Thang1911/Save_Image/main/10/2-1%20(2).png,40,2,1,1,1,"Hotel chain owner, wealthy husband."
5,MS,"One morning, after waking up, the husband was very surprised that he had won the lottery and become wealthy.",https://www.kark.com/wp-content/uploads/sites/85/2022/08/2-Million-Winner.jpg,https://i.ibb.co/PzhhxY6/toolxox-com-split-image-74.png,https://i.ibb.co/t42VGCC/toolxox-com-split-image-75.png,50,1,2,2,0,"Lottery win, husband becomes wealthy."
6,MS,"At the age of 45, the husband will become wealthy because his wife is the daughter of a billionaire.",https://images.law.com/contrib/content/uploads/sites/399/2019/08/Money-shower-Article-201908211604.jpg,https://i.ibb.co/9hkGWv2/toolxox-com-split-image-77.png,https://i.ibb.co/0nzsjhX/toolxox-com-split-image-76.png,45,5,5,2,1,Wealthy husband because of wife
7,MS,"At the age of 50, your husband will become the president of the country and you will be spoiled for choice.",https://s.abcnews.com/images/Politics/rtr_melania_trump_donald_jc_160224_16x9_1600.jpg,https://i.ibb.co/tKKtpxH/toolxox-com-split-image-79.png,https://i.ibb.co/TYgRJKj/ta-i-xu-ng-2.png,50,2,2,1,1,Spoiled for choice at 50
8,MS,"At the age of 35, the husband will be bought a car by his wife's family.",https://i.ibb.co/SyJG0z7/1222.png,https://i.ibb.co/hftnwLY/toolxox-com-split-image-80.png,https://i.ibb.co/DYR64VL/toolxox-com-split-image-81.png,35,0,2,2,0,Car gift for wife's family
9,MS,"At the age of 29, your family will have to beg for a living because the husband has sold the house for gambling.",https://i.ibb.co/Jdrn25B/happy-couple-with-shopping-bags-posing-white-114579-53998.jpg,https://i.ibb.co/JHnBPLz/toolxox-com-split-image-75.png,https://i.ibb.co/chMsHRq/toolxox-com-split-image-74.png,29,5,5,0,1,Gambling addiction.
10,MS,"At the age of 50, your family will have to sell the house to pay for the husband's medical treatment due to his frequent alcohol consumption.",https://i.ibb.co/tspKXrF/360-F-624553142-UMCsx-O5w2i-Uuj60kkn-PHYqdg1ld-Gk9-W6.webp,https://i.ibb.co/0M0SRh2/toolxox-com-split-image-41.png,https://i.ibb.co/dLKLd1G/toolxox-com-split-image-40.png,50,5,5,0,1,"Alcoholism, family hardship"
11,MS,"At the age of 45, you have bought a villa and a luxury car.",https://i.ibb.co/C0ZfMcQ/just-look-there-there-is-exactly-what-we-were-looking-329181-1731.jpg,https://i.ibb.co/9rRxc0S/toolxox-com-split-image-77.png,https://i.ibb.co/60PFPp0/toolxox-com-split-image-76.png,45,1,1,1,1,"Success at 45,"
12,MS,The house you can afford to buy at 30? It's an apartment,https://i.ibb.co/3SV5DDr/360-F-524199378-MGYSStq6j-EYCir5-Jn-ZAl-Qji-Zxi-V5z-Bi-B.webp,https://i.ibb.co/wW5TgG8/toolxox-com-split-image-24.png,https://i.ibb.co/WFhDsW4/toolxox-com-split-image-25.png,30,1,1,0,0,"Affordable apartment, 30 years old."
13,MS,The car you can afford to buy at the age of 30? It's a bicycle that belongs to both of you.,https://i.ibb.co/997JPdz/360-F-93432896-xir3s-V2-CQYd9-Kmr-Yg56t-Lg-U5-I3qf-Gyz3.webp,https://i.ibb.co/wzT5gJB/toolxox-com-split-image-22.png,https://i.ibb.co/M29X9Fw/toolxox-com-split-image-23.png,30,5,5,0,0,"Affordable bicycle, couple."
14,MS,"After one year of dating, the wife was given a million-dollar mansion as a gift from her husband.",https://i.ibb.co/0cwPRNT/happy-couple-sitting-high-fiving-23-2148303813.jpg,https://i.ibb.co/JmJQRGB/toolxox-com-split-image-79.png,https://i.ibb.co/zRVTHKS/toolxox-com-split-image-78.png,25,5,5,0,1,Million-dollar gift for anniversary
15,MS,"After giving birth to her first child, the wife was given a new Mercedes by her husband.",https://raw.githubusercontent.com/Thang1911/Save_Image/main/10/4.jpg,https://raw.githubusercontent.com/Thang1911/Save_Image/main/10/4%20(1).png,https://raw.githubusercontent.com/Thang1911/Save_Image/main/10/4%20(2).png,30,0,2,1,1,"Push present, Mercedes, new mom."
16,MS,The old man was suddenly bought a phone by a guy,https://raw.githubusercontent.com/Thang1911/Save_Image/main/10/5.jpg,https://raw.githubusercontent.com/Thang1911/Save_Image/main/10/5%20(2).png,https://raw.githubusercontent.com/Thang1911/Save_Image/main/10/5%20(1).png,70,1,0,1,0,gifted phone for a stranger
17,MS,The husband was stunned when he saw his wife spend 15 million in 15 minutes,https://i.ibb.co/sCvFbf4/portrait-beautiful-smiling-couple-shopping-mall-329181-1802.jpg,https://i.ibb.co/5T4MvHw/toolxox-com-split-image-80.png,https://i.ibb.co/d4b9CY0/toolxox-com-split-image-81.png,35,1,0,1,0,Wife spending spree
18,MS,"Given expensive gifts by her boyfriend, the girl was surprised to learn that he was a drug lord",https://raw.githubusercontent.com/spiderdassness/anh_raw/main/ms_1.png,https://raw.githubusercontent.com/spiderdassness/anh_raw/main/ms_1_NU.png,https://raw.githubusercontent.com/spiderdassness/anh_raw/main/ms_1_nam.png,27,2,2,2,1,"Girl shocked, boyfriend drug lord."
19,MS,The husband loved his wife and children and sold the whole house to buy gifts for his mistress.,https://i.ibb.co/pwVWs0G/young-couple-doing-shopping-329181-8101.jpg,https://i.ibb.co/hHJJq3h/toolxox-com-split-image-83.png,https://i.ibb.co/gdjvM9H/toolxox-com-split-image-82.png,27,1,2,1,1,Sold house for mistress
20,MS,"Seeing that his wife is not as good as someone else's wife, the husband plays to spend hundreds of millions of dong to rebuild and rebuild for his wife.",https://i.ibb.co/hL9dwQ2/amazed-young-couple-looking-inside-shopping-bags-23-2148303861.jpg,https://i.ibb.co/xSfqXPf/toolxox-com-split-image-84.png,https://i.ibb.co/pX3HxM3/toolxox-com-split-image-85.png,27,1,1,1,0,"Husband jealous, wife makeover."
21,MS,"The wife was distraught when suddenly a group of people came to clean up the house, it turned out that the husband had bought a bigger house and they were moving to a new house.",https://i.ibb.co/7gVGJH5/happy-young-couple-with-shopping-bags-1150-15941.jpg,https://i.ibb.co/pz0FRT6/toolxox-com-split-image-87.png,https://i.ibb.co/9gdHpVx/toolxox-com-split-image-86.png,30,2,2,0,1,"Distraught wife, new house surprise."
22,MS,"The couple was surprised to see that the price of the blender was reduced by 2 thirds of the amount yesterday and decided to buy it to try the strawberry smoothie, only to find out that the machine was broken.",https://i.ibb.co/D96Yhqz/young-couple-love-with-shopping-bags-329181-1775.webp,https://i.ibb.co/T20khX7/toolxox-com-split-image-44.png,https://i.ibb.co/5B4pPBz/toolxox-com-split-image-45.png,0,0,0,0,0,"Cheap blender, broken machine."
23,MS,"The husband always criticizes his wife for not knowing how to dress, the wife takes 500 million to go shopping, and changing herself makes the husband cross his eyes",https://i.ibb.co/FWqm4WZ/360-F-509968272-w-Kf-Cg-G2fy-AXc-Zil-PZOod2-Wgobh-Sb-Wb-Bl.webp,https://i.ibb.co/6D7bGN7/toolxox-com-split-image-43.png,https://i.ibb.co/rkjZKD0/toolxox-com-split-image-42.png,30,2,2,2,1,"Husband criticizes, wife changes."
24,MS,"Surprised to see that the husband had no money to work, learned that he had used all the money to buy a house and a car for the third person.",https://raw.githubusercontent.com/Thang1911/Save_Image/main/10/8.jpg,https://raw.githubusercontent.com/Thang1911/Save_Image/main/10/8%20(2).png,https://raw.githubusercontent.com/Thang1911/Save_Image/main/10/8%20(1).png,35,2,2,1,0,Money for mistress
25,MS,"Parents-in-law saw that the youngest couple had been married for a long time but had not yet saved enough money to buy a house of their own. When asked why, they told them to stay with their parents to save money on food.",https://i.ibb.co/8BGLGtt/front-view-happy-couple-home-23-2148561014.webp,https://i.ibb.co/R7X4F18/toolxox-com-split-image-43.png,https://i.ibb.co/47dsdqY/toolxox-com-split-image-42.png,35,3,3,2,1,Way to save money