[
    {
        "_id": 1,
        "category_id": 1,
        "title": "Test 1"
    },
    {
        "_id": 2,
        "category_id": 1,
        "title": "Test 2"
    },
    {
        "_id": 3,
        "category_id": 1,
        "title": "Test 3"
    },
    {
        "_id": 4,
        "category_id": 2,
        "title": "Test 1"
    },
    {
        "_id": 5,
        "category_id": 2,
        "title": "Test 2"
    },
    {
        "_id": 6,
        "category_id": 2,
        "title": "Test 3"
    },
    {
        "_id": 7,
        "category_id": 3,
        "title": "Test 1"
    },
    {
        "_id": 8,
        "category_id": 3,
        "title": "Test 2"
    },
    {
        "_id": 9,
        "category_id": 3,
        "title": "Test 3"
    },
    {
        "_id": 10,
        "category_id": 4,
        "title": "Test 1"
    },
    {
        "_id": 11,
        "category_id": 4,
        "title": "Test 2"
    },
    {
        "_id": 12,
        "category_id": 4,
        "title": "Test 3"
    },
    {
        "_id": 13,
        "category_id": 5,
        "title": "Test 1"
    },
    {
        "_id": 14,
        "category_id": 5,
        "title": "Test 2"
    },
    {
        "_id": 15,
        "category_id": 5,
        "title": "Test 3"
    },
    {
        "_id": 16,
        "category_id": 6,
        "title": "Test 1"
    },
    {
        "_id": 17,
        "category_id": 6,
        "title": "Test 2"
    },
    {
        "_id": 18,
        "category_id": 6,
        "title": "Test 3"
    }
]