id,mask,thongtin,image,nu,nam,dotuoi,danam,danu,ngswap,vtrinam,tomLuocText
1,GN,The day they met was when they both watched the drama at the neighbor's house,https://i.ibb.co/sPnySC6/360-F-134704156-j-Oe9-FP7-AVc-Qum5j-UICTb-CNdfs-CRQ32-Wd.webp,https://i.ibb.co/F8ZwzWf/toolxox-com-split-image-8.png,https://i.ibb.co/fMR1KwV/toolxox-com-split-image-9.png,27,1,1,0,0,Love Sparked by Drama
3,GN,They first met while going to a gathering with their friends.,https://i.ibb.co/WHwj0fF/dl-beatsnoop-com-thumb-1696155672.jpg,https://i.ibb.co/NTgL5Gw/toolxox-com-split-image-62.png,https://i.ibb.co/V9XsMg0/toolxox-com-split-image-63.png,25,1,1,2,0,Chance Encounter Among Friends
4,GN,"Oh my god, can you believe it? The girl went to eat noodles, met a lover again.",https://i.ibb.co/yk4ZbKF/360-F-263966329-kh-Zi-Ioa-Rlqb9-HXKh7ga-OW5-QC99j-Up-HJQ.webp,https://i.ibb.co/QQWCjnH/toolxox-com-split-image-13.png,https://i.ibb.co/N33kmKX/toolxox-com-split-image-12.png,35,4,0,1,1,Serendipitous Noodle Reunion
5,GN,The guy turned the car back immediately when he saw that his new girlfriend on the internet was different from the one in the photo.,https://i.ibb.co/x67DpDL/360-F-220770375-w-Wf-Tf6o-PCjh5-Taoc-Jf-BKmq-To-Ix56gad-S.webp,https://i.ibb.co/W2DS8s8/toolxox-com-split-image-11.png,https://i.ibb.co/jWMNh0D/toolxox-com-split-image-10.png,25,1,0,1,1,Online Dating Disaster
6,GN,"The girl who went to the cafe to run the deadline, met the man sitting next to her and also ran the deadline",https://i.ibb.co/VH45FMK/happy-tourist-couple-city-23-2147828028.webp,https://i.ibb.co/fdYrpsG/toolxox-com-split-image-6.png,https://i.ibb.co/SfhKRX3/toolxox-com-split-image-7.png,30,4,3,1,0,Deadline Partners
7,GN,"Thanks to the potholes on the road, the girl fell into the lap of a guy who was picking up bottles",https://i.ibb.co/fVR9sVb/dl-beatsnoop-com-thumb-1696155820.jpg,https://i.ibb.co/SsP73Pc/toolxox-com-split-image-65.png,https://i.ibb.co/Rg4zGNT/toolxox-com-split-image-64.png,35,4,0,1,1,Potholes That Brought Us Together
8,GN,"The girl went to the supermarket to buy too many things that she couldn't bring back, caught the guy passing by, crying loudly, and the boy brought her home.",https://i.ibb.co/jGV0QK3/portrait-beautiful-girl-sitting-sofa-dreamily-looking-camera-with-christmas-toy-hand-while-boy-leani.jpg,https://i.ibb.co/j9t05jV/toolxox-com-split-image-66.png,https://i.ibb.co/8bywS0G/toolxox-com-split-image-67.png,20,0,2,1,0,Kindness of Strangers
9,GN,"Seeing a beautiful girl crouching under the eaves of a small grocery store sheltering from the rain, the young man immediately ran into the shop to buy an umbrella, only to know that it was the owner's lover.",https://i.ibb.co/LPCFQjr/portrait-smiling-korean-couple-gray-wall-155003-3539.webp,https://i.ibb.co/NsMJzjL/toolxox-com-split-image-69.png,https://i.ibb.co/hVW0SvT/toolxox-com-split-image-68.png,27,2,0,1,1,The Girl Under the Eaves
10,GN,"On a beautiful day, the guy saw the girl's car break down in the middle of the road, the throttle to help made her car more damaged.",https://img.freepik.com/free-photo/woman-sitting-tire-man-talking-phone_23-2148270653.jpg?w=1380&t=st=1695803515~exp=1695804115~hmac=1a4fae66605166f30d3fee1bd05ad1ec7b9ac9c02493fa3f3896e1a8021b408c,https://i.ibb.co/4ZwvdVJ/toolxox-com-split-image.png,https://i.ibb.co/wyDzt18/toolxox-com-split-image-1.png,30,1,0,1,0,"Good Intentions, Bad Results"
11,GN,"The News reports the ratio of male and female imbalance is increasing, the guy is scared, has a bold decision to go to the street to meet a girl who loves her, and meets a fat girl.",https://raw.githubusercontent.com/test2003ondev/my_library/main/ndhfh.png,https://raw.githubusercontent.com/test2003ondev/my_library/main/toolxox-com-split-image%20(24).png,https://raw.githubusercontent.com/test2003ondev/my_library/main/toolxox-com-split-image%20(23).png,27,1,1,2,1,The Bold Decision
12,GN,"The girl and her sister-in-law went to catch her husband's mistress, who expected that lover to be her boyfriend's sister",https://raw.githubusercontent.com/test2003ondev/my_library/main/Screenshot%202023-09-25%20152259.png,https://raw.githubusercontent.com/test2003ondev/my_library/main/toolxox-com-split-image%20(26).png,https://raw.githubusercontent.com/test2003ondev/my_library/main/toolxox-com-split-image%20(25).png,30,1,1,1,1,Shocking Revelation
13,GN,"She just broke up with her lover, mourned and cried, went out to meet a technology taxi driver and took him home.",https://raw.githubusercontent.com/spiderdassness/anh_raw/main/DT.png,https://raw.githubusercontent.com/test2003ondev/my_library/main/toolxox-com-split-image%20(28).png,https://raw.githubusercontent.com/test2003ondev/my_library/main/toolxox-com-split-image%20(27).png,30,2,2,1,1,Taxi Driver Who Healed Her Heart
14,GN,"The girl fell on the road and was helped by a man, she was imagining that man would be her true destiny, who would have thought that man had 5 wives?",https://i.ibb.co/xFVJCj0/78864471-l-uomo-aiuta-la-donna-con-ginocchio-ferito-all-attivit-sportiva.jpg,https://i.ibb.co/kMx8nj7/toolxox-com-split-image-2.png,https://i.ibb.co/7ypM2nF/toolxox-com-split-image-3.png,50,0,1,5,0,The Man With Five Wives
15,GN,"It suddenly rained, the guy Accidentally gave the girl a hitchhiking and the car blew a tire.",https://i.ibb.co/7YZFVbZ/woman-mechanic-checking-spare-wheel-near-car-359031-16784.webp,https://i.ibb.co/Gn1q9Dz/toolxox-com-split-image-5.png,https://i.ibb.co/9h6PpXq/toolxox-com-split-image-4.png,27,2,2,2,1,Rainy Day Romance
16,GN,They got to know each other through the matchmaking of friends.,https://i.ibb.co/njGjKvT/240-F-619532934-A3-T6-K5zx1h-Now-Yt99f-UGFLVn-Twjadpi8.jpg,https://i.ibb.co/DbPXcrS/toolxox-com-split-image-9.png,https://i.ibb.co/c64BsXb/toolxox-com-split-image-8.png,35,1,1,2,1,Friendship That Blossomed into Love
17,GN,"That year, they met each other during Christmas",https://i.ibb.co/sKwVSN7/240-F-644785040-m-Y3-PJn-QAi-YUv-Ky-OUk2-KM8-IHNk-Tj94m-C0.jpg,https://i.ibb.co/PWVn9dS/toolxox-com-split-image-11.png,https://i.ibb.co/d0qVXkh/toolxox-com-split-image-10.png,35,4,4,2,1,Unwanted Bride
18,GN,"At his brother's wedding, he saw a pretty girl forced to marry him",https://raw.githubusercontent.com/spiderdassness/anh_raw/main/Son.jpg,https://raw.githubusercontent.com/test2003ondev/my_library/main/toolxox-com-split-image%20(29).png,https://raw.githubusercontent.com/test2003ondev/my_library/main/toolxox-com-split-image%20(30).png,28,4,4,1,0,Wedding Day Deception
19,GN,"On her 23rd birthday, she met someone who always cared, cared for and loved her younger sister.",https://i.ibb.co/9wtnSN3/360-F-641519318-FBkuvt7cxz8rs8gkv-CRDa0-Ik-At-M8-Yxz-F.webp,https://i.ibb.co/HXF4QJx/toolxox-com-split-image-15.png,https://i.ibb.co/Qk61DMF/toolxox-com-split-image-14.png,23,0,1,2,1,Sister's Guardian Angel
20,GN,The girl met the boy in the slum when her family kicked her out of the house because she was 40 and still had no boyfriend.,https://i.ibb.co/MpXB2RJ/medium-shot-couple-sitting-together-23-2149242565.webp,https://i.ibb.co/rwNcsM1/toolxox-com-split-image-71.png,https://i.ibb.co/9ysbnJw/toolxox-com-split-image-70.png,40,0,4,0,1,The Slum Girl and the Boy
21,GN,"The boy saw the pretty girl in front of her, walked around, and flirted with her, only to know that it was his mother and was dragged home by her mother's ear.",https://i.ibb.co/RjH8XdZ/cheerful-heterosexual-couple-drinking-coffee-329181-17250.jpg,https://i.ibb.co/Yk9THK5/toolxox-com-split-image-72.png,https://i.ibb.co/y6RLWVV/toolxox-com-split-image-73.png,50,2,2,2,0,Mother He Didn't Recognize
22,GN,"The dating app created the first meeting between the couple and did not happen after that because both were too virtual, editing photos too violently.",https://i.ibb.co/sjghHsZ/friends-attending-online-classes-together-23-2148854886.webp,https://i.ibb.co/Hnn99DK/toolxox-com-split-image-39.png,https://i.ibb.co/w7g5Rxc/toolxox-com-split-image-38.png,25,2,2,0,1,Virtual Relationship
23,GN,"The girl registered to participate in the dating program, was paired with her ex-boyfriend by the organizers.",https://i.ibb.co/Pjc4gS5/360-F-530086905-N2-U5l1-Qp-SSMb-Kf-HSR5-Hir-QEv-H88-HEo5-F.webp,https://i.ibb.co/XCQZLxB/toolxox-com-split-image-13.png,https://i.ibb.co/0rsP9Pn/toolxox-com-split-image-12.png,30,1,1,2,1,Reunited with an Ex
24,GN,The girl was beaten on the first date because she didn't look like the picture on the internet,https://i.ibb.co/q1tCkYx/istockphoto-882215740-612x612.jpg,https://i.ibb.co/Fgg95ST/toolxox-com-split-image-3.png,https://i.ibb.co/8MF3x3t/toolxox-com-split-image-2.png,25,2,2,2,1,When Looks Matter Too Much
25,GN,"The guy who rented the room dropped the key standing in front of the inn, misunderstood by the girl as a thief to call the police, and he was taken to the police station.",https://i.ibb.co/5hzWGcB/Screenshot-2023-09-27-195912.png,https://i.ibb.co/VmD0Ym3/toolxox-com-split-image-6.png,https://i.ibb.co/vXB3CG5/toolxox-com-split-image-7.png,30,3,0,0,0,unlucky guy