id,mask,thongtin,image,nu,nam,dotuoi,danam,danu,ngswap,vtrinam,tomLuocText
1,MM,"when she was about to take the last step, she told him to stop because she ran out of condoms",https://i.ibb.co/88YH9pX/360-F-324535675-XXKmj5f1-YWi-YHU10-Jp-ML5-SMcd-Ysg6l2-U.webp,https://i.ibb.co/SxYkrMr/toolxox-com-split-image-18.png,https://i.ibb.co/jhCGqCj/toolxox-com-split-image-19.png,25,1,1,0,0,No backup condom
2,MM,He only got 2 minutes,https://kajabi-storefronts-production.kajabi-cdn.com/kajabi-storefronts-production/file-uploads/blogs/11904/images/bcb3205-142f-7a50-838-1d10311573d_How_do_we_fix_our_boring_marriage.png,https://i.ibb.co/chRTvFs/toolxox-com-split-image-40.png,https://i.ibb.co/7rtm7w8/toolxox-com-split-image-41.png,26,1,1,1,0,Time problem
3,MM,She discovered his inability to achieve an erection,https://i.ibb.co/vDQwSTc/van-de-hon-nhan-vo-chong-hanh-phuc-se-vuot-qua-2-0718.jpg,https://i.ibb.co/5TZL6MN/toolxox-com-split-image-22.png,https://i.ibb.co/rsS8JcY/toolxox-com-split-image-23.png,27,1,1,0,0,Can't get erection
4,MM,His is only 10 cm,https://i.ibb.co/MZ7DF4S/adorable-young-man-woman-cooking-together-23-2148406193.jpg,https://i.ibb.co/s5jNwqG/toolxox-com-split-image-55.png,https://i.ibb.co/ypJP0kj/toolxox-com-split-image-54.png,27,1,1,0,1,Short pen
5,MM,"His bed technique is so bad, and the girl breaks up with him",https://www.divorcemag.com/wp-content/uploads/2015/12/its-time-to-divorce.jpg,https://i.ibb.co/5rhMB6c/toolxox-com-split-image-42.png,https://i.ibb.co/nbvMJWk/toolxox-com-split-image-43.png,32,3,3,1,0,Breakup because of technique
6,MM,He was forced to stop because her reaction was like a dead fish,https://www.stgeorgeutah.com/wp-content/uploads/2015/10/relationship-connection-wife-hates-sisters-in-law-340x191.jpg,https://i.ibb.co/tXKVQCP/toolxox-com-split-image-44.png,https://i.ibb.co/749T2jR/toolxox-com-split-image-45.png,27,1,1,1,0,Worst reaction
7,MM,He can't get an erection when he looks at her face,https://i.dailymail.co.uk/1s/2021/02/14/05/39266296-9258629-image-a-20_1613279964726.jpg,https://i.ibb.co/Fq6PLV5/toolxox-com-split-image-47.png,https://i.ibb.co/zVKTNCg/toolxox-com-split-image-46.png,29,1,1,1,1,Erection problem
8,MM,"When the two were having sex, his boss called and told him to come to the company",https://i.ibb.co/ngY66gv/happily-young-couple-raise-up-arms-make-heart-shape-1150-15465.webp,https://i.ibb.co/KX3yKvN/toolxox-com-split-image-35.png,https://i.ibb.co/LJp2Ng3/toolxox-com-split-image-34.png,28,1,1,0,1,Emergency call from boss
9,MM,"When he was about to have sex, he admitted that he was gay",https://i.ibb.co/kcMH34v/asian-young-couple-sitting-bed-wearing-headphones-listening-music-dance-with-happily-1150-15479.webp,https://i.ibb.co/qMgh5HW/toolxox-com-split-image-36.png,https://i.ibb.co/dBnsdZb/toolxox-com-split-image-37.png,25,1,1,1,0,Real gender
10,MM,"While the two abc, a man came in and said to him: Why did you betray me?",https://github.com/sonnh7289/futurelove-images/blob/main/sexprohehehe.jpeg?raw=true,https://github.com/sonnh7289/futurelove-images/blob/main/sexprohehehe2.png?raw=true,https://github.com/sonnh7289/futurelove-images/blob/main/sexprohehehe1.png?raw=true,24,1,1,2,1,Are you cheating?
11,MM,"After doing 2 rounds, he couldn't continue. This made her angry",https://themommabird.com/wp-content/uploads/2019/05/6.jpg,https://i.ibb.co/f8ZvhrD/toolxox-com-split-image-49.png,https://i.ibb.co/yFVbS4f/toolxox-com-split-image-48.png,23,1,1,1,1,Angry because can't satisfy
12,MM,"The two broke up, after discovering that: Last night when they were about to have sex, they realized they didn't have feelings for each other.",https://github.com/duongbang093/futureLove2/blob/main/maymua/sk12.png?raw=true,https://github.com/duongbang093/futureLove2/blob/main/maymua/sk12-nu.png?raw=true,https://github.com/duongbang093/futureLove2/blob/main/maymua/sk12-nam.png?raw=true,22,1,1,2,0,True feeling
13,MM,"During sex, she called her ex's name",https://i.ibb.co/qjFgwQ7/beautiful-young-man-woman-smiling-23-2148406137.jpg,https://i.ibb.co/x2chdtX/toolxox-com-split-image-57.png,https://i.ibb.co/1G0hJDY/toolxox-com-split-image-56.png,31,1,1,1,1,Call ex's name when have sex
14,MM,"While in the midst of intercourse, he insisted that she call him daddy.",https://vatlytrilieu.vn/wp-content/uploads/2021/12/con-gai-met.jpg,https://i.ibb.co/mqH1gWk/toolxox-com-split-image-52.png,https://i.ibb.co/cbLW5Qj/toolxox-com-split-image-53.png,22,1,1,1,0,Dirty talk
15,MM,"She found his wallet on the table. When she opened it, she saw his ex-boyfriend's photo in her wallet",https://attracttheone.com/wp-content/uploads/2019/02/ex_is_hot_and_cold.jpg,https://i.ibb.co/MCd5YQT/toolxox-com-split-image-54.png,https://i.ibb.co/ZJGgkkV/toolxox-com-split-image-55.png,25,1,1,1,0,Ex photo found
16,MM,He asked her to play 3P the first time they had sex,https://i.ibb.co/8Yp1HPs/couples-sleeping-position-1.jpg,https://i.ibb.co/hyTBCsF/toolxox-com-split-image-51.png,https://i.ibb.co/xmfkDWn/toolxox-com-split-image-50.png,28,1,1,1,1,3S for first time
17,MM,She confessed: she hasn't been able to forget her ex,https://media.istockphoto.com/id/871381164/photo/couple-in-bed.jpg?s=612x612&w=0&k=20&c=HxwS9qH4Kqi21nERgEGyIW4CA6g_-iv4SBXrRZo4EZA=,https://i.ibb.co/51QJT81/toolxox-com-split-image-58.png,https://i.ibb.co/JRNhjXn/toolxox-com-split-image-59.png,29,1,1,1,0,Ex missing
18,MM,They had such a strong relationship in the car that the police came to inquire because they suspected there was a bomb,https://i.ytimg.com/vi/6BtI4E0iIzU/hqdefault.jpg,https://i.ibb.co/bLFDmQm/toolxox-com-split-image-60.png,https://i.ibb.co/w6GPfTm/toolxox-com-split-image-61.png,29,1,1,0,0,Car sex make police suspicious
19,MM,Because of the stimulation. The two had sex right in the shopping mall's fitting room,https://anyporn.com/contents/videos_screenshots/99000/99963/preview_360p.mp4.jpg,https://i.ibb.co/88Mp8fQ/toolxox-com-split-image-63.png,https://i.ibb.co/ZgWbj5r/toolxox-com-split-image-62.png,27,1,1,0,1,Fitting room sex
20,MM,"They had their first sex session, right on a hidden corner of the subway. And both feel more stimulated doing it",https://i.ibb.co/zGpyNfL/360-F-169975866-Lza-Dwy-S7e-Bm-T2-Mjx07-J7-C9gv1p98e5cq.webp,https://i.ibb.co/J7QStTL/toolxox-com-split-image-36.png,https://i.ibb.co/Bz5kdLM/toolxox-com-split-image-37.png,29,1,1,0,0,Risky sex
21,MM,"Both are too excited to have sex. They had a cervical strangulation, and had to call 911",https://i.ibb.co/HdyCKP9/young-asian-couple-lying-bed-1150-2917.webp,https://i.ibb.co/Jc0VXg9/toolxox-com-split-image-38.png,https://i.ibb.co/2FM92Gc/toolxox-com-split-image-39.png,22,1,1,0,0,Accident when have sex
22,MM,"He almost lost his life, because she stroked his back after sex",https://datewise.org/wp-content/uploads/2022/06/young-displeased-couple-having-relationship-difficulties-sitting-back-back-bed-after-argument-1.jpg,https://i.ibb.co/8B9X3XG/ta-i-xu-ng.png,https://i.ibb.co/R6CR0Kx/ta-i-xu-ng-1.png,24,1,1,0,0,Stroked back life in danger
23,MM,"After having sex for 2 days. They were knocked on the hotel room door by the police, because the front desk called 911 on suspicion of drug use",https://i.ibb.co/SfNB1p8/young-loving-couple-reading-book-sofa-13339-101657.webp,https://i.ibb.co/NxN1LhM/toolxox-com-split-image-59.png,https://i.ibb.co/H4Pp15d/toolxox-com-split-image-58.png,23,1,1,0,1,Front desk consider
24,MM,"When the two were about to have sex, he discovered that her body was covered with strange kiss marks",https://i.ibb.co/mF3BNbS/young-couple-talking-drink-beverage-home-1150-18153.jpg,https://i.ibb.co/5KxzCyF/toolxox-com-split-image-61.png,https://i.ibb.co/V3rRSpZ/toolxox-com-split-image-60.png,28,1,1,0,1,Kiss mask wonder
25,MM,"She waited until the red light day to have sex, and told him it was her first time",https://i.ibb.co/prjrqmk/dsafdsfdsaf.webp,https://i.ibb.co/KxKYq74/toolxox-com-split-image-69.png,https://i.ibb.co/8jQMpZq/toolxox-com-split-image-68.png,25,1,1,0,1,Tricked boy