id,mask,thongtin,image,nu,nam,dotuoi,danam,danu,ngswap,vtrinam,tomLuocText
1,CT,The two broke up because he helped his best friend out of loneliness by regularly 'having fun' with her.,https://github.com/sonnh7289/futurelove-images/blob/main/omnhaupro1.jpeg?raw=true,https://github.com/sonnh7289/futurelove-images/blob/main/omnhaupro1-2.png?raw=true,https://github.com/sonnh7289/futurelove-images/blob/main/omnhaupro1-1.png?raw=true,25,0,2,1,1,Betrayal and heartbreak
2,CT,You and your significant other will break up because one of you deceived the other and had a third-party relationship.,https://github.com/sonnh7289/futurelove-images/blob/main/chiatay-haihuoc.jpg?raw=true,https://github.com/sonnh7289/futurelove-images/blob/main/chiatay-pro-1.png?raw=true,https://github.com/sonnh7289/futurelove-images/blob/main/chiatay-pro-2.png?raw=true,30,1,0,2,0,Relationship over and trust gone
3,CT,"You and your partner broke up, because you found out your partner is the third gender",https://github.com/sonnh7289/futurelove-images/blob/main/yeuphaiBD.jpg?raw=true,https://github.com/sonnh7289/futurelove-images/blob/main/yeuphaiBD-1.png?raw=true,https://github.com/sonnh7289/futurelove-images/blob/main/yeuphaiBD-2.png?raw=true,30,0,1,1,0,Acceptance and rejection
4,CT,The husband and wife have separated because the wife has removed her makeup.,https://github.com/sonnh7289/futurelove-images/blob/main/tocvaypro.jpg?raw=true,https://github.com/sonnh7289/futurelove-images/blob/main/tocvaypro-2.png?raw=true,https://github.com/sonnh7289/futurelove-images/blob/main/tocvaypro-1.png?raw=true,27,0,4,1,1,Shallow and superficial.
5,CT,"You and your boyfriend will break up because he has too much money, and you don't like wealthy men. It just doesn't feel safe.",https://github.com/sonnh7289/futurelove-images/blob/main/bikinipro-hehe.png?raw=true,https://github.com/sonnh7289/futurelove-images/blob/main/bikinipro-hehe-1.png?raw=true,https://github.com/sonnh7289/futurelove-images/blob/main/bikinipro-hehe-2.png?raw=true,35,1,0,1,0,Wealth and insecurity
6,CT,The boyfriend came to visit his girlfriend and got bitten by her dog. They broke up because the boyfriend said that her dog didn't see him as family.,https://i.ibb.co/qst1t5M/smiling-beautiful-girl-her-handsome-boyfriend-158538-119.jpg,https://i.ibb.co/wpH5s8p/toolxox-com-split-image-5.png,https://i.ibb.co/Pm4X2s9/toolxox-com-split-image-4.png,25,1,0,1,1,Dog bite and heartbreak
7,CT,She thinks this guy always does 'silly' things to make her laugh. She likes guys with a little crazy sense of humor. But then she finds out he's really silly — not that,https://i.ibb.co/34G12GS/kdsga73872.webp,https://i.ibb.co/7Q4xCSp/toolxox-com-split-image-3.png,https://i.ibb.co/YXpXY84/toolxox-com-split-image-2.png,25,0,2,1,1,Expectation and reality.
8,CT,She tells you that their lifestyles don't get along because she doesn't want to be Catholic and doesn't like raising her children that way.,https://github.com/sonnh7289/futurelove-images/blob/main/chiatay-prohehe.png?raw=true,https://github.com/sonnh7289/futurelove-images/blob/main/chiatay-prohehe-1.png?raw=true,https://github.com/sonnh7289/futurelove-images/blob/main/chiatay-prohehe-2.png?raw=true,27,0,2,1,0,Lifestyle differences.
9,CT,He realizes that's not who he should marry when people fight with him every day.He listens and tries to fix it to improve the relationship but doesn't lose. That's beyond his acceptance threshold,https://github.com/sonnh7289/futurelove-images/blob/main/sexy-girl-pro.png?raw=true,https://github.com/sonnh7289/futurelove-images/blob/main/sexy-girl-pro-1.png?raw=true,https://github.com/sonnh7289/futurelove-images/blob/main/sexy-girl-pro-2.png?raw=true,25,0,1,1,0,Communication breakdown
10,CT,"He broke up with me. The reason is that my hair is thin, and his hair isn't very thick either. He's afraid that if we have children, our hair will become even thinner.",https://i.ibb.co/SPDzt4B/young-informal-couple-sitting-street-bench-23-2148133999.jpg,https://i.ibb.co/6WRbp3p/toolxox-com-split-image-1.png,https://i.ibb.co/pzRbxML/toolxox-com-split-image.png,25,0,4,1,1,Fear and doubt.
11,CT,"He and I broke up because his mother said I'm not tall enough, which would affect their children's future. I'm 1m60, and he's 1m58.",https://i.ibb.co/Gnb62Q1/woman-climbing-her-boyfriend-s-arms-1187-1122.jpg,https://i.ibb.co/NYYdq87/toolxox-com-split-image-11.png,https://i.ibb.co/3BJZQPg/toolxox-com-split-image-10.png,30,4,4,2,1,Incompatibility and loss
12,CT,The husband broke up with his wife because of a game that won him one billion.,https://i.ibb.co/dKssYFX/medium-shot-smiley-friends-looking-camera-23-2148262449.jpg,https://i.ibb.co/WPBxmvS/toolxox-com-split-image-9.png,https://i.ibb.co/0Zt6FqX/toolxox-com-split-image-8.png,40,1,1,2,1,Greed and betrayal.
13,CT,"Break up because you save your lover's phone number as ""lion lady"".",https://i.ibb.co/qDHxbSq/offence-young-loving-couple-standing-isolated-171337-19522.jpg,https://i.ibb.co/mXphtWg/toolxox-com-split-image.png,https://i.ibb.co/kMXFHvN/toolxox-com-split-image-1.png,40,,1,1,1,Wrong ID name
14,CT,They broke up because their boyfriend was too poor. She was taken care of by a rich man.,https://i.ibb.co/Lpqqqx0/young-beautiful-couple-one-yellow-sweater-posing-smiling-having-fun-blue-176420-42242.jpg,https://i.ibb.co/8mq4nVf/toolxox-com-split-image-6.png,https://i.ibb.co/2WKJLDB/toolxox-com-split-image-7.png,40,4,0,1,0,Materialism and greed.
15,CT,Break up because your boyfriend won too much lottery and can't spend it all.,https://i.ibb.co/hH84smM/front-view-young-female-red-shirt-quarelling-with-young-man-cream-space-female-cloth-quarell-confron.jpg,https://i.ibb.co/F7T8dBT/toolxox-com-split-image-3.png,https://i.ibb.co/QdhC8Wb/toolxox-com-split-image-2.png,35,1,0,1,1,Selfish and materialistic
16,CT,"They decided to separate because After getting married, the couple lived happily for 60 years.",https://github.com/sonnh7289/futurelove-images/blob/main/manu-pro.png?raw=true,https://github.com/sonnh7289/futurelove-images/blob/main/manu-pro1.png?raw=true,https://github.com/sonnh7289/futurelove-images/blob/main/manu-pro2.png?raw=true,60,2,2,0,0,Happily ever after?
17,CT,"At the age of 60, the husband had an affair with a 35-year-old woman, despite the opposition from his wife and children.",https://github.com/sonnh7289/futurelove-images/blob/main/manuprohehe.jpeg?raw=true,https://github.com/sonnh7289/futurelove-images/blob/main/manuprohehe2.png?raw=true,https://github.com/sonnh7289/futurelove-images/blob/main/manuprohehe1.png?raw=true,60,2,2,2,1,Midlife crisis
18,CT,the wife demanded a breakup to go back to her ex-boyfriend because he became a billionaire.,https://github.com/sonnh7289/futurelove-images/blob/main/panic-tinhyeu.jpeg?raw=true,https://github.com/sonnh7289/futurelove-images/blob/main/panic-tinhyeu1.png?raw=true,https://github.com/sonnh7289/futurelove-images/blob/main/panic-tinhyeu2.png?raw=true,35,5,5,1,0,Unbelivable Decision
19,CT,The rich boy suddenly became poor because he was going with someone else and was caught by his girlfriend,https://github.com/sonnh7289/futurelove-images/blob/main/porn-sixteen.png?raw=true,https://github.com/sonnh7289/futurelove-images/blob/main/porn-sixteen1.png?raw=true,https://github.com/sonnh7289/futurelove-images/blob/main/porn-sixteen2.png?raw=true,30,1,1,2,1,Cheating Repercussions
20,CT,"At the age of 70, the husband discovered he was infertile and requested a divorce because the wife had four children with someone else.",https://github.com/sonnh7289/futurelove-images/blob/main/caiva-khokhan.jpeg?raw=true,https://github.com/sonnh7289/futurelove-images/blob/main/caiva-khokhan-1.png?raw=true,https://github.com/sonnh7289/futurelove-images/blob/main/caiva-khokhan-2.png?raw=true,30,1,1,1,0,Guilty Wife
21,CT,He was so shocked when he heard that he was dumped by his girlfriend for not shaving for a month,https://github.com/sonnh7289/futurelove-images/blob/main/cainhau_trengiuong.jpeg?raw=true,https://github.com/sonnh7289/futurelove-images/blob/main/cainhau_trengiuong1.png?raw=true,https://github.com/sonnh7289/futurelove-images/blob/main/cainhau_trengiuong2.png?raw=true,40,1,0,1,0,Breakup Reason?
22,CT,"Every time he went out, the boyfriend mentioned his ex-lover, and the girl broke up definitively.",https://i.ibb.co/zf9pdFp/smiling-young-woman-man-showing-heart-by-hands-23-2148020225.jpg,https://i.ibb.co/YtFzvwX/toolxox-com-split-image.png,https://i.ibb.co/1ff0YdY/toolxox-com-split-image-1.png,35,3,3,1,0,Disrespect
23,CT,"Every time he went to eat, the boyfriend was not attentive, only focused on eating full, his girlfriend blocked and didn't have it after that.",https://github.com/sonnh7289/futurelove-images/blob/main/rutchanmoikho.jpeg?raw=true,https://github.com/sonnh7289/futurelove-images/blob/main/rutchanmoikho2.png?raw=true,https://github.com/sonnh7289/futurelove-images/blob/main/rutchanmoikho1.png?raw=true,30,1,1,2,1,bad habbit led to breakup
24,CT,"The guy is confident in his talent for flirting, saying goodbye to his girlfriend, since that breakup, he hasn't flirted with any girls.",https://github.com/sonnh7289/futurelove-images/blob/main/manupro.jpg?raw=true,https://github.com/sonnh7289/futurelove-images/blob/main/manupro1.png?raw=true,https://github.com/sonnh7289/futurelove-images/blob/main/manupro2.png?raw=true,27,1,1,2,0,Loss Confidence
25,CT,"When his birthday was coming up, he saw his girlfriend asking for money, thinking she bought him a gift, who thought she would buy a gift for that guy's brother.",https://github.com/sonnh7289/futurelove-images/blob/main/manu-tancong-nguoi.png?raw=true,https://github.com/sonnh7289/futurelove-images/blob/main/manu-tancong-nguoi1.png?raw=true,https://github.com/sonnh7289/futurelove-images/blob/main/manu-tancong-nguoi2.png?raw=true,27,1,1,1,0,Disappointment and Heartbreak