id,mask,thongtin,image,nu,nam,dotuoi,danam,danu,ngswap,vtrinam,tomLuocText
1,VHCCT,The husband had a heart attack when he learned that the children he raised were the products of his wife and brother.,https://github.com/sonnh7289/futurelove-images/blob/main/dotquypro.jpeg?raw=true,https://github.com/sonnh7289/futurelove-images/blob/main/dotquypro2.png?raw=true,https://github.com/sonnh7289/futurelove-images/blob/main/dotquypro1.png?raw=true,60,1,0,1,1,Husband's world shattered
2,VHCCT,"At the age of 60, the husband wanted his old ugly wife to die first so that he could go one step further, not beyond the expected result that he was the first to die.",https://github.com/sonnh7289/futurelove-images/blob/main/benhvienpro.jpeg?raw=true,https://github.com/sonnh7289/futurelove-images/blob/main/benhvienpro2.png?raw=true,https://github.com/sonnh7289/futurelove-images/blob/main/benhvienpro1.png?raw=true,60,1,0,0,1,Unrequited love
3,VHCCT,"When he heard the news of his wife's death, he was overjoyed that he would be able to take another step forward with beautiful girls.",https://github.com/Thang1911/Save_Image/blob/main/fix-data-6/9.jpg?raw=true,https://github.com/Thang1911/Save_Image/blob/main/fix-data-6/9%20(2).png?raw=true,https://github.com/Thang1911/Save_Image/blob/main/fix-data-6/9%20(1).png?raw=true,35,1,1,0,0,Husband's relief
4,VHCCT,"When she heard that her husband died of poisoning with her cooking, she tried the food she cooked but was still alive",https://github.com/sonnh7289/futurelove-images/blob/main/phongdotquy.jpeg?raw=true,https://github.com/sonnh7289/futurelove-images/blob/main/phongdotquy1.png?raw=true,https://github.com/sonnh7289/futurelove-images/blob/main/phongdotquy2.png?raw=true,40,0,1,1,0,Cooking mistake mystery
5,VHCCT,"Hearing the neighbor's news that her husband had died from stabbing a chicken, her sister-in-law quickly took her husband home to find out that the dead man was the neighbor's husband.",https://github.com/sonnh7289/futurelove-images/blob/main/ongbagia.jpeg?raw=true,https://github.com/sonnh7289/futurelove-images/blob/main/ongbagia2.png?raw=true,https://github.com/sonnh7289/futurelove-images/blob/main/ongbagia1.png?raw=true,35,1,1,1,1,Husband's death a mix-up
6,VHCCT,"Seeing that his wife was beaten away by the waves, the husband immediately jumped to save his wife, but he could not swim and died, now his sister-in-law is happy with her new husband.",https://github.com/sonnh7289/futurelove-images/blob/main/bagiamayman.jpeg?raw=true,https://github.com/sonnh7289/futurelove-images/blob/main/bagiamayman1.png?raw=true,https://github.com/sonnh7289/futurelove-images/blob/main/bagiamayman2.png?raw=true,35,1,0,0,0,Widow's new life
7,VHCCT,"Her husband, suffering from cancer, passed away 3 weeks ago.",https://github.com/sonnh7289/futurelove-images/blob/main/sieugiadeplao.jpeg?raw=true,https://github.com/sonnh7289/futurelove-images/blob/main/sieugiadeplao1.png?raw=true,https://github.com/sonnh7289/futurelove-images/blob/main/sieugiadeplao2.png?raw=true,50,1,1,2,0,Cancer took husband
8,VHCCT,"At the age of 70, the old woman passed away when she heard that her husband was still able to play with 3 mistresses outside.",https://github.com/sonnh7289/futurelove-images/blob/main/oldmanpro.png?raw=true,https://github.com/sonnh7289/futurelove-images/blob/main/oldmanpro1.png?raw=true,https://github.com/sonnh7289/futurelove-images/blob/main/oldmanpro2.png?raw=true,70,1,1,1,0,Heartbreak killed the old
9,VHCCT,The old man had a heart attack when he heard that his 60-year-old wife still asked to lift her breasts to swing with young men.,https://github.com/sonnh7289/futurelove-images/blob/main/60tuoi-dep.jpeg?raw=true,https://github.com/sonnh7289/futurelove-images/blob/main/60tuoi-dep2.png?raw=true,https://github.com/sonnh7289/futurelove-images/blob/main/60tuoi-dep1.png?raw=true,60,1,1,1,1,Heartbroken old man
10,VHCCT,"The boy owes too much money and commits suicide to not have to pay the debt, but every time he commits suicide, people save his life.",https://github.com/sonnh7289/futurelove-images/blob/main/gaitre-onggia.jpeg?raw=true,https://github.com/sonnh7289/futurelove-images/blob/main/gaitre-onggia1.png?raw=true,https://github.com/sonnh7289/futurelove-images/blob/main/gaitre-onggia2.png?raw=true,30,1,0,0,0,Debt-ridden boy's plight
11,VHCCT,"Waking up in the morning, the husband was kissed on the lips by his wife, he died on the spot because his wife's breath was too rotten.",https://github.com/sonnh7289/futurelove-images/blob/main/worldoldestman.jpeg?raw=true,https://github.com/sonnh7289/futurelove-images/blob/main/worldoldestman1.png?raw=true,https://github.com/sonnh7289/futurelove-images/blob/main/worldoldestman2.png?raw=true,30,1,1,0,0,Kiss of death
12,VHCCT,"The wife died on the spot when drinking too much alcohol, then the husband took the flight attendant as his wife.",https://github.com/sonnh7289/futurelove-images/blob/main/game-died-pro.jpg?raw=true,https://github.com/sonnh7289/futurelove-images/blob/main/game-died-pro2.png?raw=true,https://github.com/sonnh7289/futurelove-images/blob/main/game-died-pro1.png?raw=true,30,0,1,0,1,remarried flight attendant
13,VHCCT,The sister-in-law took her own life when she learned that her husband and sister were dating behind her back.,https://github.com/sonnh7289/futurelove-images/blob/main/bagia-quagia.png?raw=true,https://github.com/sonnh7289/futurelove-images/blob/main/bagia-quagia1.png?raw=true,https://github.com/sonnh7289/futurelove-images/blob/main/bagia-quagia2.png?raw=true,30,1,1,2,0,betrayal led to suicide
14,VHCCT,The husband committed suicide because his wife said his lower body was too small,https://github.com/sonnh7289/futurelove-images/blob/main/bagia-onggia-sapdied.jpeg?raw=true,https://github.com/sonnh7289/futurelove-images/blob/main/bagia-onggia-sapdied2.png?raw=true,https://github.com/sonnh7289/futurelove-images/blob/main/bagia-onggia-sapdied1.png?raw=true,0,0,0,0,1,Hurtful words
15,VHCCT,"The sister-in-law laughed at the company when she heard that her husband hit the butt of the pig, which suffocated and died.",https://github.com/sonnh7289/futurelove-images/blob/main/nhomluadaopro.jpeg?raw=true,https://github.com/sonnh7289/futurelove-images/blob/main/nhomluadaopro2.png?raw=true,https://github.com/sonnh7289/futurelove-images/blob/main/nhomluadaopro1.png?raw=true,0,0,0,0,1,Wife's emotion
16,VHCCT,Husband commits suicide because his wife forces him to submit papers every day,https://github.com/sonnh7289/futurelove-images/blob/main/diedlove.png?raw=true,https://github.com/sonnh7289/futurelove-images/blob/main/diedlove1.png?raw=true,https://github.com/sonnh7289/futurelove-images/blob/main/diedlove2.png?raw=true,0,0,0,0,0,Pressure and depression
17,VHCCT,"Her husband had just passed away, and the wife had gone back and forth with her husband's father.",https://github.com/sonnh7289/futurelove-images/blob/main/damma-make.jpeg?raw=true,https://github.com/sonnh7289/futurelove-images/blob/main/damma-make1.png?raw=true,https://github.com/sonnh7289/futurelove-images/blob/main/damma-make2.png?raw=true,35,1,1,0,0,Unespected relationship
18,VHCCT,"His wife is likened to a lion. One day, when he heard a neighbor inform him that his wife had died because he was defeated by a raccoon, he hurriedly threw a party for 7 days and 7 nights.",https://raw.githubusercontent.com/Thang1911/Save_Image/main/fix%20data%20-%202/5.jpg,https://raw.githubusercontent.com/Thang1911/Save_Image/main/fix%20data%20-%202/5%20(2).png,https://raw.githubusercontent.com/Thang1911/Save_Image/main/fix%20data%20-%202/5%20(1).png,0,0,0,0,0,Party after wife's death
19,VHCCT,"Because the wife is too ugly, she wants to die first so that her husband can take another step with the beautiful girl, but every time she commits suicide, everyone helps her, causing the angry husband to have a stroke and die soon after.",https://github.com/sonnh7289/futurelove-images/blob/main/chetnguoipro.jpeg?raw=true,https://github.com/sonnh7289/futurelove-images/blob/main/chetnguoipro1.png?raw=true,https://github.com/sonnh7289/futurelove-images/blob/main/chetnguoipro2.png?raw=true,35,1,1,1,0,Man go first
20,VHCCT,"The 60-year-old man, lying in bed for 2 days, made his wife wake up thinking he was dead, worried about the funeral, when he was placed in the coffin, he opened his eyes.",https://github.com/sonnh7289/futurelove-images/blob/main/damtangprohehe.jpeg?raw=true,https://github.com/sonnh7289/futurelove-images/blob/main/damtangprohehe2.png?raw=true,https://github.com/sonnh7289/futurelove-images/blob/main/damtangprohehe1.png?raw=true,50,1,0,1,1,Wake up in coffin
21,VHCCT,The wife died on the spot when she learned that her husband's mistress was the stepdaughter of her ex-husband.,https://github.com/sonnh7289/futurelove-images/blob/main/2nguoilinhchet.png?raw=true,https://github.com/sonnh7289/futurelove-images/blob/main/2nguoilinhchet2.png?raw=true,https://github.com/sonnh7289/futurelove-images/blob/main/2nguoilinhchet1.png?raw=true,0,0,0,0,0,Unimaginable
22,VHCCT,"After listening to the wife's gifted voice, the husband had a perforated eardrum and died on the spot",https://github.com/sonnh7289/futurelove-images/blob/main/binclintonpro.png?raw=true,https://github.com/sonnh7289/futurelove-images/blob/main/binclintonpro1.png?raw=true,https://github.com/sonnh7289/futurelove-images/blob/main/binclintonpro2.png?raw=true,35,2,2,1,0,Dying by a Gift
23,VHCCT,"The husband has been dead for 3 years, and the wife has taken another step forward, however, the new husband died on the wedding night, because she had a husband's number.",https://raw.githubusercontent.com/spiderdassness/anh_raw/main/marriage.jpg,https://raw.githubusercontent.com/spiderdassness/anh_raw/main/marriage_nu.jpg,https://raw.githubusercontent.com/spiderdassness/anh_raw/main/marriage_nam.jpg,35,1,1,2,0,Dying in wedding
24,VHCCT,"When he learned that his wife had died from a nuclear bomb, the husband was so upset that he forgot to eat.",https://raw.githubusercontent.com/Thang1911/Save_Image/main/fix%20data%20-%203/5.jpg,https://raw.githubusercontent.com/Thang1911/Save_Image/main/fix%20data%20-%203/5%20(1).png,https://raw.githubusercontent.com/Thang1911/Save_Image/main/fix%20data%20-%203/5%20(2).png,55,1,0,0,1,Sadness Husband
25,VHCCT,The husband died on the wedding night when his wife weighed 105kg on him.,https://raw.githubusercontent.com/Thang1911/Save_Image/main/Image/25.png,https://raw.githubusercontent.com/Thang1911/Save_Image/main/Image/toolxox-com-split-image%20(1).png,https://raw.githubusercontent.com/Thang1911/Save_Image/main/Image/toolxox-com-split-image.png,35,0,1,1,1,Dying of Weighed
