<?xml version="1.0" encoding="utf-8"?>
<LinearLayout xmlns:android="http://schemas.android.com/apk/res/android" xmlns:app="http://schemas.android.com/apk/res-auto" android:orientation="horizontal" android:layout_width="match_parent" android:layout_height="wrap_content" android:minHeight="?attr/listPreferredItemHeight">
    <TwoLineListItem android:paddingTop="2dp" android:paddingBottom="2dp" android:layout_width="0dp" android:layout_height="wrap_content" android:minHeight="?attr/listPreferredItemHeight" android:mode="twoLine" android:layout_weight="1">
        <TextView android:textAppearance="?android:attr/textAppearanceLarge" android:id="@android:id/text1" android:layout_width="match_parent" android:layout_height="wrap_content" android:layout_marginLeft="6dp" android:layout_marginTop="6dp"/>
        <LinearLayout android:orientation="horizontal" android:layout_width="match_parent" android:layout_height="wrap_content" android:layout_below="@android:id/text1" android:layout_alignLeft="@android:id/text1">
            <TextView android:textAppearance="?android:attr/textAppearanceSmall" android:id="@android:id/text2" android:layout_width="wrap_content" android:layout_height="wrap_content" android:layout_marginRight="10dp"/>
            <ImageView android:layout_gravity="center" android:id="@+id/internal" android:padding="1dp" android:layout_width="20dp" android:layout_height="20dp" android:layout_marginRight="3dp" app:srcCompat="@drawable/ic_vector_phone"/>
            <ImageView android:layout_gravity="center" android:id="@+id/sdcard" android:padding="1dp" android:layout_width="20dp" android:layout_height="20dp" android:layout_marginRight="3dp" app:srcCompat="@drawable/ic_vector_sdcard"/>
            <ImageView android:layout_gravity="center" android:id="@+id/download" android:padding="1dp" android:layout_width="20dp" android:layout_height="20dp" android:layout_marginRight="3dp" app:srcCompat="@drawable/ic_vector_download"/>
        </LinearLayout>
    </TwoLineListItem>
    <TextView android:textAppearance="?android:attr/textAppearanceMedium" android:gravity="center" android:layout_gravity="center" android:id="@+id/count" android:background="@drawable/bg_note_count" android:layout_width="40dp" android:layout_height="40dp" android:layout_marginLeft="5dp" android:layout_marginRight="10dp" android:text="12"/>
</LinearLayout>
