<?xml version="1.0" encoding="utf-8"?>
<actions xmlns:android="http://schemas.android.com/apk/res/android" xmlns:app="http://schemas.android.com/apk/res-auto" xmlns:aapt="http://schemas.android.com/aapt">
    <action intentName="actions.intent.OPEN_APP_FEATURE">
        <fulfillment urlTemplate="colornote://appaction/open_app_feature{?feature}">
            <parameter-mapping intentParameter="feature" urlParameter="feature"/>
        </fulfillment>
        <parameter name="feature">
            <entity-set-reference entitySetId="FeatureEntitySet"/>
        </parameter>
    </action>
    <entity-set entitySetId="FeatureEntitySet">
        <entity identifier="CALENDAR" name="@string/calendar"/>
        <entity identifier="ARCHIVE" name="@string/note_archive"/>
    </entity-set>
    <action intentName="actions.intent.GET_THING">
        <fulfillment urlTemplate="colornote://appaction/get_thing{?query}">
            <parameter-mapping intentParameter="thing.name" urlParameter="query"/>
        </fulfillment>
    </action>
    <action intentName="actions.intent.CREATE_DIGITAL_DOCUMENT">
        <fulfillment urlTemplate="colornote://appaction/create_digital_document{?name,articleBody,description,​disambiguatingDescription}">
            <parameter-mapping intentParameter="digitalDocument.name" urlParameter="name"/>
            <parameter-mapping intentParameter="digitalDocument.articleBody" urlParameter="articleBody"/>
            <parameter-mapping intentParameter="digitalDocument.description" urlParameter="description"/>
            <parameter-mapping intentParameter="digitalDocument.disambiguatingDescription" urlParameter="​disambiguatingDescription"/>
        </fulfillment>
    </action>
    <action intentName="actions.intent.GET_DIGITAL_DOCUMENT">
        <fulfillment urlTemplate="colornote://appaction/get_digital_document{?authorName,dateCreated,description,​disambiguatingDescription}">
            <parameter-mapping intentParameter="digitalDocument.author.name" urlParameter="authorName"/>
            <parameter-mapping intentParameter="digitalDocument.dateCreated" urlParameter="dateCreated"/>
            <parameter-mapping intentParameter="digitalDocument.description" urlParameter="description"/>
            <parameter-mapping intentParameter="digitalDocument.disambiguatingDescription" urlParameter="​disambiguatingDescription"/>
        </fulfillment>
    </action>
    <action intentName="actions.intent.UPDATE_DIGITAL_DOCUMENT">
        <fulfillment urlTemplate="colornote://appaction/update_digital_document{?​disambiguatingDescription,description}">
            <parameter-mapping intentParameter="digitalDocument.disambiguatingDescription" urlParameter="​disambiguatingDescription"/>
            <parameter-mapping intentParameter="digitalDocument.description" urlParameter="description"/>
        </fulfillment>
    </action>
    <action intentName="actions.intent.CREATE_ITEM_LIST">
        <fulfillment urlTemplate="colornote://appaction/create_item_list{?name,itemListElementName,description}">
            <parameter-mapping intentParameter="itemList.name" urlParameter="name"/>
            <parameter-mapping intentParameter="itemList.itemListElement.name" urlParameter="itemListElementName"/>
            <parameter-mapping intentParameter="itemList.description" urlParameter="description"/>
        </fulfillment>
    </action>
    <action intentName="actions.intent.GET_ITEM_LIST">
        <fulfillment urlTemplate="colornote://appaction/get_item_list{?name,description,category}">
            <parameter-mapping intentParameter="itemList.name" urlParameter="name"/>
            <parameter-mapping intentParameter="itemList.description" urlParameter="description"/>
            <parameter-mapping intentParameter="itemList.category" urlParameter="category"/>
        </fulfillment>
    </action>
    <action intentName="actions.intent.UPDATE_ITEM_LIST">
        <fulfillment urlTemplate="colornote://appaction/update_item_list{?name,itemListElementName}">
            <parameter-mapping intentParameter="itemList.name" urlParameter="name"/>
            <parameter-mapping intentParameter="itemList.itemListElement.name" urlParameter="itemListElementName"/>
        </fulfillment>
    </action>
</actions>
