<?xml version="1.0" encoding="utf-8"?>
<ScrollView xmlns:android="http://schemas.android.com/apk/res/android" xmlns:app="http://schemas.android.com/apk/res-auto" xmlns:aapt="http://schemas.android.com/aapt" android:layout_width="match_parent" android:layout_height="match_parent" android:fillViewport="true">
    <LinearLayout android:orientation="vertical" android:layout_width="match_parent" android:layout_height="wrap_content">
        <TextView android:layout_width="match_parent" android:layout_height="wrap_content" android:text="@string/sign_in" style="?android:attr/listSeparatorTextViewStyle"/>
        <TextView android:textColor="#ffffffff" android:id="@+id/message" android:background="#33ffffff" android:padding="10dp" android:layout_width="match_parent" android:layout_height="wrap_content" android:layout_marginLeft="10dp" android:layout_marginTop="10dp" android:layout_marginRight="10dp" android:text="@string/msg_connection_expired"/>
        <TextView android:id="@+id/username_label" android:layout_width="match_parent" android:layout_height="wrap_content" android:layout_marginLeft="10dp" android:layout_marginTop="5dp" android:layout_marginRight="10dp" android:layout_marginBottom="10dp" android:text="@string/username" android:drawablePadding="4dp"/>
        <TextView android:textSize="26dp" android:gravity="center" android:id="@+id/username" android:layout_width="match_parent" android:layout_height="wrap_content" android:layout_marginLeft="10dp" android:layout_marginRight="10dp" android:layout_marginBottom="10dp" android:singleLine="true"/>
        <TextView android:textSize="20dp" android:gravity="center" android:id="@+id/accountInfo" android:visibility="gone" android:layout_width="match_parent" android:layout_height="wrap_content" android:layout_marginLeft="10dp" android:layout_marginRight="10dp" android:layout_marginBottom="10dp" android:singleLine="true"/>
        <Button android:textSize="@dimen/buttonTextSizeMedium" android:id="@+id/google_signin" android:visibility="gone" android:layout_width="match_parent" android:layout_height="wrap_content" android:layout_marginLeft="5dp" android:layout_marginTop="2dp" android:layout_marginRight="5dp" android:text="@string/login_with_google" android:drawableLeft="@drawable/signin_google" android:drawablePadding="2dp"/>
        <Button android:textSize="@dimen/buttonTextSizeMedium" android:id="@+id/fb_signin" android:visibility="gone" android:layout_width="match_parent" android:layout_height="wrap_content" android:layout_marginLeft="5dp" android:layout_marginTop="2dp" android:layout_marginRight="5dp" android:text="@string/login_with_facebook" android:drawableLeft="@drawable/signin_facebook" android:drawablePadding="2dp"/>
        <LinearLayout android:orientation="vertical" android:id="@+id/colornote_group" android:visibility="gone" android:layout_width="match_parent" android:layout_height="wrap_content" android:layout_marginTop="2dp">
            <TextView android:layout_width="match_parent" android:layout_height="wrap_content" android:layout_marginLeft="10dp" android:layout_marginRight="10dp" android:layout_marginBottom="10dp" android:text="@string/password"/>
            <EditText android:textSize="@dimen/buttonTextSizeMedium" android:id="@+id/edit_password" android:layout_width="match_parent" android:layout_height="wrap_content" android:layout_marginLeft="5dp" android:layout_marginRight="5dp" android:hint="@string/password" android:inputType="textPassword"/>
            <Button android:textSize="@dimen/buttonTextSizeMedium" android:id="@+id/colornote_signin" android:layout_width="match_parent" android:layout_height="match_parent" android:layout_marginLeft="5dp" android:layout_marginRight="5dp" android:text="@string/sign_in"/>
        </LinearLayout>
    </LinearLayout>
</ScrollView>
