<?xml version="1.0" encoding="utf-8"?>
<RelativeLayout xmlns:android="http://schemas.android.com/apk/res/android" xmlns:app="http://schemas.android.com/apk/res-auto" xmlns:aapt="http://schemas.android.com/aapt" android:orientation="vertical" android:id="@+id/title_layout" android:paddingLeft="@dimen/gridlist_spacing" android:paddingTop="@dimen/gridlist_spacing" android:paddingRight="@dimen/gridlist_spacing" android:layout_width="match_parent" android:layout_height="wrap_content">
    <com.socialnmobile.colornote.view.BlockRequestRelativeLayout android:background="@drawable/bg_note_item" android:layout_width="match_parent" android:layout_height="@dimen/titlebar_height">
        <LinearLayout android:orientation="horizontal" android:id="@+id/title_container" android:layout_width="match_parent" android:layout_height="@dimen/titlebar_height">
            <ImageView android:id="@+id/text_button_left" android:background="?attr/selectableItemBackgroundBorderless" android:focusable="true" android:clickable="true" android:layout_width="0dp" android:layout_height="match_parent" android:scaleType="center" android:layout_weight="2.5"/>
            <TextView android:textSize="16sp" android:gravity="center" android:id="@+id/text_button_center" android:background="?attr/selectableItemBackgroundBorderless" android:focusable="true" android:clickable="true" android:layout_width="0dp" android:layout_height="match_parent" android:singleLine="true" android:layout_weight="4"/>
            <ImageView android:id="@+id/text_button_right" android:background="?attr/selectableItemBackgroundBorderless" android:focusable="true" android:clickable="true" android:layout_width="0dp" android:layout_height="match_parent" android:scaleType="center" android:layout_weight="2.5"/>
        </LinearLayout>
        <View android:id="@+id/color_noti" android:layout_width="20dp" android:layout_height="20dp" android:layout_marginLeft="5dp" android:layout_alignParentLeft="true" android:layout_centerVertical="true"/>
        <TextView android:textSize="13sp" android:textStyle="bold" android:textColor="#ffffffff" android:gravity="center" android:id="@+id/title_noti" android:background="@drawable/ic_list_number" android:paddingBottom="1dp" android:visibility="gone" android:layout_width="wrap_content" android:layout_height="wrap_content" android:layout_marginRight="3dp" android:layout_alignParentRight="true" android:layout_centerVertical="true"/>
    </com.socialnmobile.colornote.view.BlockRequestRelativeLayout>
</RelativeLayout>
