<?xml version="1.0" encoding="utf-8"?>
<com.socialnmobile.colornote.view.BlockRequestRelativeLayout xmlns:android="http://schemas.android.com/apk/res/android" xmlns:app="http://schemas.android.com/apk/res-auto" xmlns:aapt="http://schemas.android.com/aapt" android:id="@+id/top_bar" android:layout_width="match_parent" android:layout_height="@dimen/topbar_height">
    <View android:id="@+id/sep_bottom" android:layout_width="match_parent" android:layout_height="@dimen/vpixel" android:layout_alignParentBottom="true"/>
    <RelativeLayout android:id="@+id/top_search" android:visibility="gone" android:layout_width="match_parent" android:layout_height="match_parent" android:layout_above="@+id/sep_bottom">
        <com.socialnmobile.colornote.view.DeviceThemeEditText android:textColor="@color/text_color_search" android:id="@+id/edit_search" android:background="@drawable/textfield" android:paddingLeft="57dp" android:paddingRight="52dp" android:layout_width="match_parent" android:layout_height="match_parent" android:layout_marginLeft="5dp" android:layout_marginTop="5dp" android:layout_marginRight="5dp" android:layout_marginBottom="5dp" android:hint="@string/search" android:singleLine="true" android:inputType="text" android:imeOptions="actionSearch"/>
        <RelativeLayout android:background="#00ffffff" android:layout_width="match_parent" android:layout_height="match_parent">
            <ImageView android:id="@+id/search_back" android:background="?attr/selectableItemBackgroundBorderless" android:focusable="true" android:clickable="true" android:layout_width="46dp" android:layout_height="38dp" android:layout_marginLeft="5dp" android:scaleType="center" android:layout_alignParentLeft="true" android:layout_centerVertical="true"/>
            <ImageButton android:id="@+id/search_clear" android:background="?attr/selectableItemBackgroundBorderless" android:layout_width="44dp" android:layout_height="38dp" android:layout_marginRight="5dp" android:layout_alignParentRight="true" android:layout_centerVertical="true"/>
        </RelativeLayout>
    </RelativeLayout>
    <LinearLayout android:orientation="horizontal" android:id="@+id/top_menu" android:layout_width="match_parent" android:layout_height="match_parent" android:layout_above="@+id/sep_bottom">
        <RelativeLayout android:id="@+id/main_logo" android:focusable="false" android:layout_width="0dp" android:layout_height="match_parent" android:layout_weight="1">
            <ImageButton android:id="@+id/icon_nav" android:background="?attr/selectableItemBackgroundBorderless" android:focusable="true" android:clickable="true" android:layout_width="40dp" android:layout_height="match_parent" android:layout_marginLeft="8dp" android:layout_marginTop="2dp" android:layout_marginRight="6dp" android:layout_marginBottom="2dp" android:scaleType="center" android:pointerIcon="1002"/>
            <TextView android:gravity="left|center_vertical|center_horizontal|center" android:id="@+id/main_title" android:visibility="invisible" android:layout_width="wrap_content" android:layout_height="match_parent" android:text="@string/colornote" android:layout_toRightOf="@+id/icon_nav" style="@style/TextAppearance.MainToolbarTitle"/>
            <ImageView android:id="@+id/logo_image" android:layout_width="wrap_content" android:layout_height="match_parent" android:scaleType="center" android:layout_toRightOf="@+id/icon_nav" app:srcCompat="@drawable/logo_grayscale_light"/>
            <TextView android:textSize="13dp" android:textColor="#ff888888" android:id="@+id/logo_extra_text" android:layout_width="wrap_content" android:layout_height="wrap_content" android:layout_marginLeft="-10dp" android:layout_marginTop="2dp" android:layout_toRightOf="@+id/logo_image"/>
            <TextView android:textSize="14sp" android:textStyle="bold" android:textColor="#ff000000" android:gravity="center" android:id="@+id/noti" android:paddingBottom="1dp" android:visibility="gone" android:layout_width="20dp" android:layout_height="20dp" android:layout_marginLeft="10dp" android:text="N" android:layout_alignParentLeft="true" android:layout_centerVertical="true"/>
        </RelativeLayout>
        <com.socialnmobile.colornote.view.MyImageButton android:id="@+id/main_btn1" android:background="?attr/selectableItemBackgroundBorderless" android:visibility="gone" android:layout_width="@dimen/screen_button_width" android:layout_height="match_parent"/>
        <com.socialnmobile.colornote.view.MyImageButton android:id="@+id/main_btn2" android:background="?attr/selectableItemBackgroundBorderless" android:visibility="gone" android:layout_width="@dimen/screen_button_width" android:layout_height="match_parent"/>
        <com.socialnmobile.colornote.view.MyImageButton android:id="@+id/main_btn3" android:background="?attr/selectableItemBackgroundBorderless" android:layout_width="@dimen/screen_button_width" android:layout_height="match_parent"/>
        <com.socialnmobile.colornote.view.AnchorView android:id="@+id/anchor" android:layout_width="0dp" android:layout_height="0dp"/>
    </LinearLayout>
    <com.socialnmobile.colornote.view.HorizontalProgressBar android:id="@+id/progress_bar" android:visibility="invisible" android:layout_width="match_parent" android:layout_height="@dimen/horizontal_progressbar_size" android:layout_alignParentBottom="true"/>
</com.socialnmobile.colornote.view.BlockRequestRelativeLayout>
