<?xml version="1.0" encoding="utf-8"?>
<FrameLayout xmlns:android="http://schemas.android.com/apk/res/android" xmlns:app="http://schemas.android.com/apk/res-auto" xmlns:aapt="http://schemas.android.com/aapt" android:layout_width="match_parent" android:layout_height="match_parent">
    <ScrollView android:layout_width="match_parent" android:layout_height="match_parent">
        <LinearLayout android:orientation="vertical" android:layout_width="match_parent" android:layout_height="wrap_content">
            <TextView android:textStyle="bold" android:padding="2dp" android:layout_width="match_parent" android:layout_height="wrap_content" android:layout_marginLeft="6dp" android:text="@string/label_accounts"/>
            <androidx.recyclerview.widget.RecyclerView android:id="@+id/identity_list" android:layout_width="match_parent" android:layout_height="wrap_content"/>
            <Button android:id="@+id/add_identity" android:layout_width="match_parent" android:layout_height="wrap_content" android:text="@string/add"/>
            <TextView android:textStyle="bold" android:padding="2dp" android:layout_width="match_parent" android:layout_height="wrap_content" android:layout_marginLeft="6dp" android:layout_marginTop="8dp" android:text="@string/label_linked_devices"/>
            <androidx.recyclerview.widget.RecyclerView android:id="@+id/device_list" android:layout_width="match_parent" android:layout_height="wrap_content"/>
            <LinearLayout android:orientation="horizontal" android:id="@+id/loading_error_text" android:padding="10dp" android:visibility="gone" android:layout_width="match_parent" android:layout_height="wrap_content">
                <ImageView android:layout_gravity="center" android:layout_width="wrap_content" android:layout_height="wrap_content" app:srcCompat="@drawable/ic_vector_error_outline"/>
                <TextView android:textSize="18sp" android:layout_gravity="center" android:paddingLeft="10dp" android:layout_width="match_parent" android:layout_height="wrap_content" android:text="@string/error"/>
            </LinearLayout>
        </LinearLayout>
    </ScrollView>
    <RelativeLayout android:id="@+id/progress_container" android:focusable="false" android:clickable="true" android:layout_width="match_parent" android:layout_height="match_parent" android:importantForAccessibility="no">
        <ProgressBar android:layout_width="wrap_content" android:layout_height="wrap_content" android:layout_centerInParent="true" style="@style/Widget.AppCompat.ProgressBar"/>
    </RelativeLayout>
</FrameLayout>
