<?xml version="1.0" encoding="utf-8"?>
<androidx.preference.PreferenceScreen xmlns:android="http://schemas.android.com/apk/res/android" xmlns:app="http://schemas.android.com/apk/res-auto" xmlns:aapt="http://schemas.android.com/aapt" android:title="@string/settings" app:iconSpaceReserved="false">
    <PreferenceCategory android:title="@string/pref_online_sync_settings" app:iconSpaceReserved="false">
        <PreferenceScreen android:title="@string/online_backup" android:key="pref_online_sync" android:widgetLayout="@layout/preference_widget_icon" app:iconSpaceReserved="false"/>
        <CheckBoxPreference android:title="@string/pref_sync_on_launch" android:key="pref_sync_on_launch" android:defaultValue="@bool/config_sync_on_launch" app:iconSpaceReserved="false"/>
    </PreferenceCategory>
    <PreferenceCategory android:title="@string/pref_general_settings" app:iconSpaceReserved="false">
        <ListPreference android:entries="@array/default_screen_entries" android:title="@string/pref_default_screen" android:key="pref_default_screen" android:defaultValue="@string/config_default_screen" android:entryValues="@array/default_screen_values" app:iconSpaceReserved="false" app:useSimpleSummaryProvider="true"/>
        <com.socialnmobile.colornote.view.ColorPreference android:title="@string/pref_default_color" android:key="pref_default_color" android:widgetLayout="@layout/preference_widget_color" app:iconSpaceReserved="false"/>
        <ListPreference android:entries="@array/default_font_size_entries" android:title="@string/pref_default_font_size" android:key="pref_default_font_size" android:defaultValue="@string/config_default_font_size" android:entryValues="@array/default_font_size_values" app:iconSpaceReserved="false" app:useSimpleSummaryProvider="true"/>
        <ListPreference android:entries="@array/default_list_item_height_entries" android:title="@string/pref_list_item_height" android:key="pref_list_item_height" android:defaultValue="@string/config_default_list_item_height" android:entryValues="@array/default_list_item_height_values" app:iconSpaceReserved="false" app:useSimpleSummaryProvider="true"/>
    </PreferenceCategory>
    <PreferenceCategory android:title="@string/pref_sort_settings" app:iconSpaceReserved="false">
        <ListPreference android:entries="@array/default_sort_option_entries" android:title="@string/pref_default_sort_option" android:key="pref_default_sort_option" android:defaultValue="@string/config_default_sort_option" android:entryValues="@array/default_sort_option_values" app:iconSpaceReserved="false" app:useSimpleSummaryProvider="true"/>
        <ListPreference android:entries="@array/default_sort_in_color_entries" android:title="@string/pref_sort_order_in_color" android:key="pref_sort_order_in_color" android:defaultValue="@string/config_sort_order_in_color" android:entryValues="@array/default_sort_in_color_values" app:iconSpaceReserved="false" app:useSimpleSummaryProvider="true"/>
    </PreferenceCategory>
    <PreferenceCategory android:title="@string/pref_reminder_settings" app:iconSpaceReserved="false">
        <CheckBoxPreference android:title="@string/pref_show_item_count_on_widget" android:key="pref_show_item_count_on_widget" android:defaultValue="@bool/config_show_item_count_on_widget" app:iconSpaceReserved="false"/>
        <CheckBoxPreference android:title="@string/pref_show_all_day_reminder" android:key="pref_show_all_day_reminder" android:defaultValue="@bool/config_show_all_day_reminder" app:iconSpaceReserved="false"/>
        <ListPreference android:entries="@array/widget_transparency_entries" android:title="@string/pref_widget_transparency" android:key="pref_widget_transparency" android:defaultValue="@string/config_widget_transparency" android:entryValues="@array/widget_transparency_values" app:iconSpaceReserved="false" app:useSimpleSummaryProvider="true"/>
    </PreferenceCategory>
    <PreferenceCategory android:title="@string/calendar" app:iconSpaceReserved="false">
        <ListPreference android:entries="@array/first_day_of_week_entries" android:title="@string/pref_first_day_of_week" android:key="pref_first_day_of_week" android:entryValues="@array/first_day_of_week_values" app:iconSpaceReserved="false" app:useSimpleSummaryProvider="true"/>
        <ListPreference android:entries="@array/lunar_calendar_entries" android:title="@string/pref_show_lunar_date" android:key="pref_show_lunar_date_str" android:entryValues="@array/lunar_calendar_values" app:iconSpaceReserved="false" app:useSimpleSummaryProvider="true"/>
    </PreferenceCategory>
    <PreferenceCategory android:title="@string/pref_editor_settings" app:iconSpaceReserved="false">
        <PreferenceScreen android:title="@string/pref_text_editor_settings" android:key="pref_screen_text_editor" android:widgetLayout="@layout/preference_widget_icon" app:iconSpaceReserved="false">
            <PreferenceCategory android:title="@string/pref_text_editor_settings" app:iconSpaceReserved="false">
                <CheckBoxPreference android:title="@string/pref_edit_title" android:key="pref_edit_title" android:defaultValue="@bool/config_edit_title" app:iconSpaceReserved="false"/>
                <CheckBoxPreference android:title="@string/pref_use_colordict" android:key="pref_use_colordict_in_editor" android:defaultValue="@bool/config_use_colordict" app:iconSpaceReserved="false"/>
            </PreferenceCategory>
        </PreferenceScreen>
        <PreferenceScreen android:title="@string/pref_checklist_editor_settings" android:key="pref_screen_list_editor" android:widgetLayout="@layout/preference_widget_icon" app:iconSpaceReserved="false">
            <PreferenceCategory android:title="@string/pref_checklist_editor_settings" app:iconSpaceReserved="false">
                <CheckBoxPreference android:title="@string/pref_list_item_drag" android:key="pref_list_item_drag" android:defaultValue="@bool/config_list_item_drag" app:iconSpaceReserved="false"/>
                <CheckBoxPreference android:title="@string/auto_sort_by_status" android:key="pref_auto_sort_by_status" android:defaultValue="@bool/config_auto_sort_by_status" app:iconSpaceReserved="false"/>
            </PreferenceCategory>
        </PreferenceScreen>
        <PreferenceScreen android:title="@string/pref_autolink" android:key="pref_screen_auto_link" android:widgetLayout="@layout/preference_widget_icon" app:iconSpaceReserved="false">
            <PreferenceCategory android:title="@string/pref_autolink" app:iconSpaceReserved="false">
                <CheckBoxPreference android:title="@string/pref_autolink" android:key="pref_use_autolink" android:defaultValue="@bool/config_use_autolink" app:iconSpaceReserved="false"/>
                <ListPreference android:entries="@array/autolink_phone_type_entries" android:title="@string/pref_autolink_phone_number" android:key="pref_autolink_phone_type" android:dependency="pref_use_autolink" android:defaultValue="@string/config_autolink_phone_type" android:entryValues="@array/autolink_phone_type_values" app:iconSpaceReserved="false" app:useSimpleSummaryProvider="true"/>
            </PreferenceCategory>
            <PreferenceCategory android:title="@string/pref_wiki_settings" app:iconSpaceReserved="false">
                <CheckBoxPreference android:title="@string/pref_use_note_link" android:key="pref_use_note_link" android:summary="@string/pref_use_note_link_summary" android:defaultValue="@bool/config_use_note_link" app:iconSpaceReserved="false"/>
                <CheckBoxPreference android:title="@string/pref_autolink_wiki_word" android:key="pref_autolink_wiki_word" android:dependency="pref_use_note_link" android:defaultValue="@bool/config_autolink_wiki_word" app:iconSpaceReserved="false"/>
            </PreferenceCategory>
        </PreferenceScreen>
    </PreferenceCategory>
    <PreferenceCategory android:title="@string/pref_more_settings" app:iconSpaceReserved="false">
        <PreferenceScreen android:title="@string/pref_more_settings" android:key="pref_screen_more_settings" android:widgetLayout="@layout/preference_widget_icon" app:iconSpaceReserved="false">
            <PreferenceCategory android:title="@string/pref_more_settings" app:iconSpaceReserved="false">
                <CheckBoxPreference android:title="@string/pref_gpu_rendering" android:key="pref_gpu_rendering" android:defaultValue="@bool/config_gpu_rendering" app:iconSpaceReserved="false"/>
            </PreferenceCategory>
        </PreferenceScreen>
    </PreferenceCategory>
    <PreferenceCategory android:title="@string/pref_security_settings" app:iconSpaceReserved="false">
        <PreferenceScreen android:title="@string/master_password" android:key="pref_master_password" android:summary="@string/master_password_summary" android:widgetLayout="@layout/preference_widget_icon" app:iconSpaceReserved="false">
            <intent android:action=""/>
        </PreferenceScreen>
    </PreferenceCategory>
    <PreferenceCategory android:title="@string/backup" app:iconSpaceReserved="false">
        <PreferenceScreen android:title="@string/backup" android:key="pref_sdcard_backup" android:widgetLayout="@layout/preference_widget_icon" app:iconSpaceReserved="false"/>
        <CheckBoxPreference android:title="@string/pref_enable_auto_backup" android:key="pref_enable_auto_backup" android:defaultValue="@bool/config_enable_auto_backup" app:iconSpaceReserved="false"/>
        <CheckBoxPreference android:title="@string/pref_secured_auto_backup" android:key="pref_secured_auto_backup" android:summary="@string/pref_secured_auto_backup_summary" android:dependency="pref_enable_auto_backup" android:defaultValue="@bool/config_secured_auto_backup" app:iconSpaceReserved="false"/>
    </PreferenceCategory>
    <PreferenceCategory android:title="@string/about" app:iconSpaceReserved="false">
        <com.socialnmobile.colornote.view.MyIntentPreference android:title="@string/colornote_faq" android:key="pref_faq" android:widgetLayout="@layout/preference_widget_icon" app:iconSpaceReserved="false"/>
        <PreferenceScreen android:title="@string/about" android:key="pref_screen_about" android:widgetLayout="@layout/preference_widget_icon" app:iconSpaceReserved="false">
            <com.socialnmobile.colornote.view.MyIntentPreference android:title="@string/privacy_policy" android:key="pref_privacy" android:widgetLayout="@layout/preference_widget_icon" app:iconSpaceReserved="false"/>
            <com.socialnmobile.colornote.view.MyIntentPreference android:title="@string/facebook" android:key="pref_facebook" android:widgetLayout="@layout/preference_widget_icon" app:iconSpaceReserved="false"/>
            <com.socialnmobile.colornote.view.MyIntentPreference android:title="@string/translation" android:key="pref_trans" android:summary="@string/pref_translation_summary" android:widgetLayout="@layout/preference_widget_icon" app:iconSpaceReserved="false"/>
            <CheckBoxPreference android:title="@string/setting_usage_and_diagnostics" android:key="pref_usage_diagnostics" android:defaultValue="true" app:iconSpaceReserved="false"/>
        </PreferenceScreen>
    </PreferenceCategory>
</androidx.preference.PreferenceScreen>
