<?xml version="1.0" encoding="utf-8"?>
<LinearLayout xmlns:android="http://schemas.android.com/apk/res/android" xmlns:app="http://schemas.android.com/apk/res-auto" xmlns:aapt="http://schemas.android.com/aapt" android:orientation="vertical" android:background="?android:attr/colorBackground" android:layout_width="match_parent" android:layout_height="match_parent">
    <RelativeLayout android:layout_width="match_parent" android:layout_height="match_parent">
        <ScrollView android:layout_width="match_parent" android:layout_height="match_parent" android:fadeScrollbars="false">
            <LinearLayout android:orientation="vertical" android:id="@+id/normal_container" android:layout_width="match_parent" android:layout_height="wrap_content">
                <LinearLayout android:orientation="vertical" android:id="@+id/payment_container" android:layout_width="match_parent" android:layout_height="wrap_content">
                    <RelativeLayout android:layout_width="match_parent" android:layout_height="wrap_content" android:layout_marginLeft="20dp" android:layout_marginTop="4dp" android:layout_marginRight="20dp" android:layout_marginBottom="5dp">
                        <TextView android:textAppearance="?android:attr/textAppearanceMedium" android:layout_gravity="end" android:id="@+id/subscription_original_price" android:layout_width="wrap_content" android:layout_height="wrap_content" android:layout_marginRight="1dp" android:layout_marginBottom="-2dp" android:layout_alignParentRight="true" android:layout_marginEnd="1dp" android:layout_alignParentEnd="true"/>
                        <TextView android:textAppearance="?android:attr/textAppearanceLarge" android:id="@+id/subscription_price" android:layout_width="wrap_content" android:layout_height="wrap_content" android:layout_below="@+id/subscription_original_price" android:layout_alignParentRight="true" android:layout_alignParentEnd="true"/>
                        <TextView android:textAppearance="?android:attr/textAppearanceLarge" android:layout_width="match_parent" android:layout_height="wrap_content" android:layout_marginRight="4dp" android:text="@string/payment_subscription" android:singleLine="true" android:layout_toLeftOf="@+id/subscription_price" android:layout_below="@+id/subscription_original_price" android:layout_alignParentLeft="true" android:layout_alignWithParentIfMissing="true" android:layout_marginEnd="4dp" android:layout_toStartOf="@+id/subscription_price" android:layout_alignParentStart="true"/>
                    </RelativeLayout>
                    <TextView android:textAppearance="?android:attr/textAppearanceSmall" android:gravity="center_vertical" android:id="@+id/subscription_desc" android:layout_width="match_parent" android:layout_height="wrap_content" android:layout_marginLeft="20dp" android:layout_marginRight="20dp" android:layout_marginBottom="5dp" android:text="@string/payment_subscription_description"/>
                    <LinearLayout android:orientation="horizontal" android:layout_width="match_parent" android:layout_height="wrap_content" android:layout_marginLeft="5dp" android:layout_marginRight="5dp">
                        <Button android:gravity="center" android:id="@+id/subscription_buy" android:layout_width="0dp" android:layout_height="wrap_content" android:text="@string/payment_action" android:layout_weight="1" style="@style/Widget.AppCompat.Button.Colored"/>
                    </LinearLayout>
                </LinearLayout>
                <LinearLayout android:orientation="vertical" android:id="@+id/manage_container" android:layout_width="match_parent" android:layout_height="wrap_content">
                    <TextView android:textAppearance="?android:attr/textAppearanceLarge" android:id="@+id/payment_expire_title" android:layout_width="match_parent" android:layout_height="wrap_content" android:layout_marginLeft="20dp" android:layout_marginTop="20dp" android:layout_marginRight="20dp" android:layout_marginBottom="5dp" android:text="@string/title_premium"/>
                    <TextView android:textAppearance="?android:attr/textAppearanceMedium" android:id="@+id/payment_expired_on" android:layout_width="match_parent" android:layout_height="wrap_content" android:layout_marginLeft="20dp" android:layout_marginTop="5dp" android:layout_marginRight="20dp" android:layout_marginBottom="5dp"/>
                    <Button android:gravity="center" android:id="@+id/manage_subscription" android:layout_width="match_parent" android:layout_height="wrap_content" android:layout_marginLeft="15dp" android:layout_marginRight="15dp" android:text="@string/manage_subscription" style="@style/Widget.AppCompat.Button.Colored"/>
                </LinearLayout>
                <TextView android:textAppearance="?android:attr/textAppearanceLarge" android:paddingLeft="20dp" android:paddingRight="20dp" android:layout_width="match_parent" android:layout_height="wrap_content" android:layout_marginTop="20dp" android:text="@string/title_premium_features"/>
                <LinearLayout android:orientation="horizontal" android:paddingLeft="20dp" android:paddingRight="20dp" android:layout_width="match_parent" android:layout_height="match_parent" android:layout_marginTop="20dp">
                    <ImageView android:layout_gravity="center" android:layout_width="36dp" android:layout_height="wrap_content" android:scaleType="fitStart" app:srcCompat="@drawable/ic_block"/>
                    <LinearLayout android:orientation="vertical" android:layout_width="0dp" android:layout_height="wrap_content" android:layout_weight="1">
                        <TextView android:textAppearance="?android:attr/textAppearanceMedium" android:textColor="?attr/normalTextColor" android:layout_width="match_parent" android:layout_height="wrap_content" android:text="@string/feature_no_ads_title"/>
                        <TextView android:textAppearance="?android:attr/textAppearanceSmall" android:layout_width="match_parent" android:layout_height="wrap_content" android:text="@string/feature_no_ads_desc"/>
                    </LinearLayout>
                </LinearLayout>
            </LinearLayout>
        </ScrollView>
        <RelativeLayout android:id="@+id/error_container" android:visibility="gone" android:layout_width="match_parent" android:layout_height="match_parent">
            <TextView android:textAppearance="?android:attr/textAppearanceMedium" android:textColor="@color/text_error_message" android:gravity="center" android:id="@+id/error_message" android:paddingLeft="30dp" android:paddingRight="30dp" android:paddingBottom="10dp" android:layout_width="match_parent" android:layout_height="wrap_content" android:layout_centerInParent="true"/>
            <TextView android:gravity="center" android:id="@+id/error_submessage" android:paddingLeft="30dp" android:paddingRight="30dp" android:paddingBottom="10dp" android:visibility="gone" android:layout_width="match_parent" android:layout_height="wrap_content" android:layout_below="@+id/error_message"/>
            <Button android:id="@+id/retry_button" android:visibility="gone" android:layout_width="wrap_content" android:layout_height="wrap_content" android:text="@string/retry" android:layout_below="@+id/error_submessage" android:layout_centerHorizontal="true" style="@style/Widget.AppCompat.Button.Colored"/>
        </RelativeLayout>
        <RelativeLayout android:id="@+id/progress_container" android:visibility="gone" android:layout_width="match_parent" android:layout_height="match_parent">
            <ProgressBar android:id="@+id/progress" android:layout_width="wrap_content" android:layout_height="wrap_content" android:layout_centerInParent="true" style="@style/Widget.AppCompat.ProgressBar"/>
            <TextView android:id="@+id/progress_text" android:layout_width="wrap_content" android:layout_height="wrap_content" android:layout_below="@+id/progress" android:layout_centerInParent="true"/>
        </RelativeLayout>
    </RelativeLayout>
</LinearLayout>
