<?xml version="1.0" encoding="utf-8"?>
<LinearLayout xmlns:android="http://schemas.android.com/apk/res/android" xmlns:app="http://schemas.android.com/apk/res-auto" xmlns:aapt="http://schemas.android.com/aapt" android:gravity="center_vertical" android:background="?android:attr/selectableItemBackground" android:paddingRight="?android:attr/scrollbarSize" android:layout_width="match_parent" android:layout_height="wrap_content" android:minHeight="?android:attr/listPreferredItemHeight">
    <FrameLayout android:id="@+id/icon_frame" android:layout_width="wrap_content" android:layout_height="wrap_content">
        <androidx.preference.internal.PreferenceImageView android:id="@android:id/icon" android:layout_width="wrap_content" android:layout_height="wrap_content" app:maxHeight="48dp" app:maxWidth="48dp"/>
    </FrameLayout>
    <RelativeLayout android:layout_width="0dp" android:layout_height="wrap_content" android:layout_marginLeft="15dp" android:layout_marginTop="6dp" android:layout_marginRight="6dp" android:layout_marginBottom="6dp" android:layout_weight="1">
        <TextView android:textAppearance="?android:attr/textAppearanceLarge" android:textColor="?android:attr/textColorPrimary" android:ellipsize="marquee" android:id="@android:id/title" android:fadingEdge="horizontal" android:layout_width="wrap_content" android:layout_height="wrap_content" android:singleLine="true"/>
        <TextView android:textAppearance="?android:attr/textAppearanceSmall" android:textColor="?android:attr/textColorSecondary" android:id="@android:id/summary" android:layout_width="wrap_content" android:layout_height="wrap_content" android:maxLines="4" android:layout_below="@android:id/title" android:layout_alignLeft="@android:id/title"/>
    </RelativeLayout>
    <LinearLayout android:gravity="center_vertical" android:orientation="vertical" android:id="@android:id/widget_frame" android:layout_width="wrap_content" android:layout_height="match_parent"/>
</LinearLayout>
