<?xml version="1.0" encoding="utf-8"?>
<RelativeLayout xmlns:android="http://schemas.android.com/apk/res/android" xmlns:app="http://schemas.android.com/apk/res-auto" xmlns:aapt="http://schemas.android.com/aapt" android:id="@+id/title_bar" android:layout_width="match_parent" android:layout_height="@dimen/topbar_height">
    <View android:id="@+id/focus" android:focusable="true" android:focusableInTouchMode="true" android:layout_width="0dp" android:layout_height="0dp" android:focusedByDefault="true">
        <requestFocus/>
    </View>
    <LinearLayout android:orientation="horizontal" android:layout_width="match_parent" android:layout_height="match_parent">
        <com.socialnmobile.colornote.view.MyImageButton android:id="@+id/back_btn" android:background="?attr/selectableItemBackgroundBorderless" android:visibility="gone" android:layout_width="@dimen/editor_button_width" android:layout_height="match_parent" android:scaleType="center"/>
        <View android:id="@+id/sep0" android:visibility="gone" android:layout_width="5dp" android:layout_height="match_parent"/>
        <com.socialnmobile.colornote.view.DeviceThemeEditText android:textSize="22sp" android:ellipsize="end" android:id="@+id/edit_title" android:background="@drawable/bg_edit_title" android:paddingLeft="4dp" android:paddingRight="6dp" android:fadingEdge="horizontal" android:layout_width="0dp" android:layout_height="match_parent" android:layout_marginTop="5dp" android:layout_marginBottom="5dp" android:singleLine="true" android:maxLength="50" android:layout_weight="1" android:inputType="textCapSentences"/>
        <com.socialnmobile.colornote.view.MyImageButton android:id="@+id/color_btn" android:background="?attr/selectableItemBackgroundBorderless" android:visibility="gone" android:layout_width="@dimen/editor_button_width" android:layout_height="match_parent" android:scaleType="center"/>
        <com.socialnmobile.colornote.view.MyImageButton android:id="@+id/edit_btn" android:background="?attr/selectableItemBackgroundBorderless" android:layout_width="@dimen/editor_button_width" android:layout_height="match_parent" android:scaleType="center"/>
        <com.socialnmobile.colornote.view.MyImageButton android:id="@+id/menu_btn" android:background="?attr/selectableItemBackgroundBorderless" android:layout_width="@dimen/editor_button_width" android:layout_height="match_parent" android:scaleType="center"/>
        <View android:id="@+id/no_button_padding" android:visibility="gone" android:layout_width="5dp" android:layout_height="match_parent"/>
        <com.socialnmobile.colornote.view.AnchorView android:id="@+id/anchor" android:layout_width="0dp" android:layout_height="0dp"/>
    </LinearLayout>
    <com.socialnmobile.colornote.view.HorizontalProgressBar android:id="@+id/progress_bar" android:visibility="invisible" android:layout_width="match_parent" android:layout_height="@dimen/horizontal_progressbar_size" android:layout_alignParentBottom="true"/>
</RelativeLayout>
