<?xml version="1.0" encoding="utf-8"?>
<LinearLayout xmlns:android="http://schemas.android.com/apk/res/android" xmlns:app="http://schemas.android.com/apk/res-auto" xmlns:aapt="http://schemas.android.com/aapt" android:gravity="center_vertical" android:paddingLeft="?android:attr/listPreferredItemPaddingLeft" android:paddingRight="?android:attr/listPreferredItemPaddingRight" android:layout_width="match_parent" android:layout_height="wrap_content" android:minHeight="?android:attr/listPreferredItemHeightSmall">
    <LinearLayout android:gravity="left|center_vertical|center_horizontal|center|start" android:orientation="horizontal" android:id="@+id/icon_frame" android:layout_width="wrap_content" android:layout_height="match_parent" android:minWidth="58dp">
        <ImageView android:id="@android:id/icon" android:layout_width="wrap_content" android:layout_height="wrap_content" android:layout_marginRight="8dp"/>
    </LinearLayout>
    <RelativeLayout android:paddingTop="16dp" android:paddingBottom="16dp" android:layout_width="0dp" android:layout_height="wrap_content" android:layout_weight="1">
        <TextView android:textAppearance="?android:attr/textAppearanceListItem" android:id="@android:id/title" android:layout_width="wrap_content" android:layout_height="wrap_content" android:singleLine="true"/>
        <TextView android:textColor="?android:attr/textColorSecondary" android:id="@android:id/summary" android:layout_width="wrap_content" android:layout_height="wrap_content" android:maxLines="10" android:layout_below="@android:id/title" android:layout_alignLeft="@android:id/title" style="@style/PreferenceSummaryTextStyle"/>
    </RelativeLayout>
    <LinearLayout android:gravity="right|center_vertical|center_horizontal|center|end" android:orientation="vertical" android:id="@android:id/widget_frame" android:layout_width="wrap_content" android:layout_height="match_parent" android:minWidth="58dp"/>
</LinearLayout>
