<?xml version="1.0" encoding="utf-8"?>
<RelativeLayout xmlns:android="http://schemas.android.com/apk/res/android" xmlns:app="http://schemas.android.com/apk/res-auto" xmlns:aapt="http://schemas.android.com/aapt" android:id="@+id/edit_mode_toolbar" android:visibility="gone" android:layout_width="match_parent" android:layout_height="@dimen/editor_bottom_toolbar_height">
    <View android:id="@+id/sep" android:layout_width="match_parent" android:layout_height="@dimen/vpixel"/>
    <LinearLayout android:orientation="horizontal" android:layout_width="match_parent" android:layout_height="match_parent" android:layout_below="@+id/sep">
        <View android:layout_width="0dp" android:layout_height="wrap_content" android:layout_weight="1"/>
        <View android:layout_width="0dp" android:layout_height="wrap_content" android:layout_weight="1"/>
        <ImageButton android:layout_gravity="center" android:id="@+id/btn_undo" android:background="?attr/selectableItemBackgroundBorderless" android:layout_width="0dp" android:layout_height="wrap_content" android:layout_weight="1" android:contentDescription="@string/menu_undo"/>
        <ImageButton android:layout_gravity="center" android:id="@+id/btn_redo" android:background="?attr/selectableItemBackgroundBorderless" android:layout_width="0dp" android:layout_height="wrap_content" android:layout_weight="1" android:contentDescription="@string/menu_redo"/>
        <ImageButton android:layout_gravity="center" android:id="@+id/btn_color" android:background="?attr/selectableItemBackgroundBorderless" android:layout_width="0dp" android:layout_height="wrap_content" android:layout_weight="1" android:contentDescription="@string/menu_color"/>
        <ImageButton android:layout_gravity="center" android:id="@+id/btn_more" android:background="?attr/selectableItemBackgroundBorderless" android:layout_width="0dp" android:layout_height="wrap_content" android:layout_weight="1" android:contentDescription="@string/more"/>
        <com.socialnmobile.colornote.view.AnchorView android:layout_gravity="bottom" android:id="@+id/anchor" android:layout_width="0dp" android:layout_height="0dp"/>
    </LinearLayout>
</RelativeLayout>
