<?xml version="1.0" encoding="utf-8"?>
<RelativeLayout xmlns:android="http://schemas.android.com/apk/res/android" xmlns:app="http://schemas.android.com/apk/res-auto" xmlns:aapt="http://schemas.android.com/aapt" android:id="@+id/tutorial_overlay" android:layout_width="match_parent" android:layout_height="match_parent">
    <TextView android:textAppearance="?android:attr/textAppearanceLarge" android:textSize="25sp" android:textColor="#ffffff" android:id="@+id/textTitle" android:layout_width="match_parent" android:layout_height="wrap_content" android:layout_marginLeft="16dp" android:layout_marginRight="16dp" android:layout_marginStart="16dp" android:layout_marginEnd="16dp"/>
    <TextView android:textAppearance="?android:attr/textAppearance" android:textSize="19sp" android:textColor="#ffffff" android:id="@+id/textSubtitle" android:layout_width="match_parent" android:layout_height="wrap_content" android:layout_below="@+id/textTitle" android:layout_alignLeft="@+id/textTitle" android:layout_alignRight="@+id/textTitle" android:layout_alignStart="@+id/textTitle" android:layout_alignEnd="@+id/textTitle"/>
    <RelativeLayout android:id="@+id/start_container" android:visibility="gone" android:layout_width="match_parent" android:layout_height="80dp" android:layout_marginBottom="20dp" android:layout_alignParentBottom="true">
        <ImageButton android:id="@+id/btn_start" android:background="?attr/selectableItemBackgroundBorderless" android:layout_width="80dp" android:layout_height="80dp" android:layout_marginRight="22dp" android:layout_alignParentRight="true" android:layout_marginEnd="22dp" android:layout_alignParentEnd="true"/>
        <Button android:textSize="15sp" android:textColor="#ffffff" android:gravity="center" android:id="@+id/btn_start_skip" android:background="?attr/selectableItemBackgroundBorderless" android:layout_width="80dp" android:layout_height="80dp" android:layout_marginLeft="22dp" android:text="@string/skip" android:layout_alignParentLeft="true" android:layout_marginStart="22dp" android:layout_alignParentStart="true"/>
    </RelativeLayout>
    <LinearLayout android:id="@+id/bottom_bar" android:background="#00000000" android:layout_width="match_parent" android:layout_height="50dp" android:layout_alignParentBottom="true">
        <Button android:textSize="15sp" android:textColor="#ffffff" android:id="@+id/btn_skip" android:background="?attr/selectableItemBackgroundBorderless" android:layout_width="0dp" android:layout_height="match_parent" android:text="@string/skip" android:layout_weight="1"/>
        <LinearLayout android:gravity="center" android:layout_gravity="center" android:orientation="horizontal" android:id="@+id/indicator" android:layout_width="0dp" android:layout_height="match_parent" android:layout_weight="1"/>
        <ImageButton android:textColor="#ffffff" android:id="@+id/btn_next" android:background="?attr/selectableItemBackgroundBorderless" android:layout_width="0dp" android:layout_height="match_parent" android:layout_weight="1"/>
    </LinearLayout>
</RelativeLayout>
