<?xml version="1.0" encoding="utf-8"?>
<RelativeLayout xmlns:android="http://schemas.android.com/apk/res/android" xmlns:app="http://schemas.android.com/apk/res-auto" xmlns:aapt="http://schemas.android.com/aapt" android:orientation="vertical" android:id="@+id/root" android:layout_width="match_parent" android:layout_height="match_parent">
    <TextView android:gravity="center" android:id="@+id/max_length_indicator" android:paddingBottom="4dp" android:visibility="gone" android:layout_width="match_parent" android:layout_height="wrap_content" android:layout_alignParentBottom="true"/>
    <include android:id="@+id/edit_mode_toolbar" android:layout_width="match_parent" android:layout_height="@dimen/editor_bottom_toolbar_height" android:layout_above="@+id/max_length_indicator" android:layout_alignWithParentIfMissing="true" layout="@layout/include_editor_bottom_toolbar"/>
    <include android:id="@+id/find_container" android:visibility="gone" android:layout_width="match_parent" android:layout_height="48dp" android:layout_above="@+id/edit_mode_toolbar" android:layout_alignWithParentIfMissing="true" layout="@layout/include_editor_search"/>
    <androidx.coordinatorlayout.widget.CoordinatorLayout android:layout_width="match_parent" android:layout_height="match_parent" android:layout_above="@+id/find_container" android:layout_alignWithParentIfMissing="true">
        <LinearLayout android:orientation="vertical" android:layout_width="match_parent" android:layout_height="match_parent">
            <include android:id="@+id/title_bar" layout="@layout/include_editor_title"/>
            <include android:id="@+id/conflict" android:visibility="gone" layout="@layout/include_editor_conflict"/>
            <include android:id="@+id/datetime_info" layout="@layout/include_editor_datetime"/>
            <RelativeLayout android:id="@+id/content_container" android:layout_width="match_parent" android:layout_height="match_parent">
                <androidx.recyclerview.widget.RecyclerView android:id="@+id/viewlist" android:paddingBottom="@dimen/editor_bottom_menu_padding" android:scrollbars="vertical" android:clipToPadding="false" android:layout_width="match_parent" android:layout_height="match_parent" android:overScrollFooter="@null"/>
                <com.socialnmobile.colornote.view.DragDropListView android:id="@+id/editlist" android:paddingBottom="@dimen/editor_bottom_menu_padding" android:visibility="gone" android:clipToPadding="false" android:layout_width="match_parent" android:layout_height="match_parent" android:overScrollFooter="@null"/>
                <TextView android:textSize="24sp" android:gravity="center" android:id="@+id/error_text" android:visibility="gone" android:layout_width="match_parent" android:layout_height="match_parent"/>
            </RelativeLayout>
        </LinearLayout>
        <include android:layout_gravity="bottom" android:id="@+id/bottom_menu_layout" android:layout_width="match_parent" android:layout_height="@dimen/editor_bottom_menu_height" app:layout_behavior="com.google.android.material.behavior.HideBottomViewOnScrollBehavior" layout="@layout/include_editor_bottom_menu_layout"/>
        <com.google.android.material.floatingactionbutton.FloatingActionButton android:id="@+id/bottom_fab" android:visibility="gone" android:layout_width="wrap_content" android:layout_height="wrap_content" android:contentDescription="@string/menu_edit" app:backgroundTint="?attr/fabColor" app:fabSize="0" app:layout_anchor="@+id/bottom_menu_layout" app:layout_anchorGravity="71" app:layout_behavior="com.google.android.material.behavior.HideBottomViewOnScrollBehavior" app:srcCompat="@drawable/ic_vector_edit" app:tint="?android:attr/textColorPrimaryInverse" style="@style/Widget.Design.FloatingActionButton"/>
        <com.socialnmobile.colornote.view.AnchorView android:layout_gravity="bottom|right|center_vertical|center_horizontal|center" android:id="@+id/bottom_menu_anchor" android:layout_width="0dp" android:layout_height="0dp"/>
    </androidx.coordinatorlayout.widget.CoordinatorLayout>
    <TextView android:textSize="36sp" android:textColor="#ff000000" android:gravity="center" android:id="@+id/deleted" android:visibility="gone" android:layout_width="match_parent" android:layout_height="match_parent" android:text="@string/deleted"/>
</RelativeLayout>
