<?xml version="1.0" encoding="utf-8"?>
<merge xmlns:android="http://schemas.android.com/apk/res/android" xmlns:app="http://schemas.android.com/apk/res-auto" xmlns:aapt="http://schemas.android.com/aapt" android:layout_width="match_parent" android:layout_height="@dimen/mtrl_calendar_header_height_fullscreen">
    <LinearLayout android:layout_gravity="top|center_vertical|center_horizontal|center" android:orientation="horizontal" android:paddingLeft="@dimen/mtrl_calendar_header_content_padding_fullscreen" android:paddingTop="@dimen/mtrl_calendar_header_content_padding_fullscreen" android:paddingRight="@dimen/mtrl_calendar_header_content_padding_fullscreen" android:layout_width="match_parent" android:layout_height="@dimen/mtrl_calendar_header_height_fullscreen" style="?attr/materialCalendarHeaderLayout">
        <com.google.android.material.button.MaterialButton android:gravity="center" android:layout_gravity="top" android:id="@+id/cancel_button" android:padding="12dp" android:layout_width="@dimen/mtrl_min_touch_target_size" android:layout_height="@dimen/mtrl_min_touch_target_size" android:insetTop="0dp" android:insetBottom="0dp" android:contentDescription="@string/mtrl_picker_cancel" app:icon="@drawable/material_ic_clear_black_24dp" app:iconTint="?attr/colorOnPrimary" app:rippleColor="@color/mtrl_btn_ripple_color" style="@style/Widget.MaterialComponents.Button.TextButton"/>
        <FrameLayout android:id="@+id/mtrl_picker_header_title_and_selection" android:paddingLeft="@dimen/mtrl_calendar_header_text_padding" android:layout_width="0dp" android:layout_height="match_parent" android:layout_weight="1">
            <TextView android:gravity="bottom|left|center_vertical|center_horizontal|center|start" android:layout_gravity="top|left|center_vertical|center_horizontal|center|start" android:id="@+id/mtrl_picker_title_text" android:layout_width="match_parent" android:layout_height="wrap_content" app:firstBaselineToTopHeight="@dimen/mtrl_calendar_title_baseline_to_top_fullscreen" style="?attr/materialCalendarHeaderTitle"/>
            <TextView android:gravity="bottom|left|center_vertical|center_horizontal|center|start" android:layout_gravity="top|left|center_vertical|center_horizontal|center|start" android:id="@+id/mtrl_picker_header_selection_text" android:paddingBottom="@dimen/mtrl_calendar_pre_l_text_clip_padding" android:layout_width="match_parent" android:layout_height="wrap_content" app:firstBaselineToTopHeight="@dimen/mtrl_calendar_selection_baseline_to_top_fullscreen" app:lineHeight="@dimen/mtrl_calendar_header_selection_line_height" style="?attr/materialCalendarHeaderSelection"/>
        </FrameLayout>
        <LinearLayout android:orientation="@integer/mtrl_calendar_header_orientation" android:layout_width="wrap_content" android:layout_height="wrap_content">
            <com.google.android.material.button.MaterialButton android:layout_gravity="top|right|center_vertical|center_horizontal|center|end" android:id="@+id/confirm_button" android:layout_width="wrap_content" android:layout_height="@dimen/mtrl_min_touch_target_size" android:text="@string/mtrl_picker_save" android:contentDescription="@string/mtrl_picker_save" style="?attr/materialCalendarHeaderConfirmButton"/>
            <include layout="@layout/mtrl_picker_header_toggle"/>
        </LinearLayout>
    </LinearLayout>
    <View android:layout_gravity="bottom" android:layout_width="match_parent" android:layout_height="@dimen/mtrl_calendar_header_divider_thickness" style="?attr/materialCalendarHeaderDivider"/>
</merge>
