<?xml version="1.0" encoding="utf-8"?>
<androidx.coordinatorlayout.widget.CoordinatorLayout xmlns:android="http://schemas.android.com/apk/res/android" xmlns:app="http://schemas.android.com/apk/res-auto" xmlns:aapt="http://schemas.android.com/aapt" android:id="@+id/content_frame" android:layout_width="match_parent" android:layout_height="match_parent">
    <RelativeLayout android:layout_width="match_parent" android:layout_height="match_parent">
        <include android:id="@+id/top_bar" layout="@layout/include_top_bar"/>
        <FrameLayout android:id="@+id/ads_container" android:layout_width="match_parent" android:layout_height="wrap_content" android:layout_alignParentBottom="true"/>
        <com.socialnmobile.colornote.view.FabBottomNavigationView android:id="@+id/bottom_navigation" android:layout_width="match_parent" android:layout_height="wrap_content" android:layout_above="@+id/ads_container" app:itemIconSize="28dp" app:itemIconTint="@drawable/bottom_nav_icon_color_selector" app:labelVisibilityMode="2" app:menu="@menu/bottom_navigation_menu" style="@style/Widget.Design.BottomNavigationView"/>
        <androidx.coordinatorlayout.widget.CoordinatorLayout android:id="@+id/snackbar_container" android:layout_width="match_parent" android:layout_height="wrap_content" android:layout_below="@+id/top_bar"/>
        <com.socialnmobile.colornote.view.MyViewPager android:id="@+id/viewpager" android:layout_width="match_parent" android:layout_height="match_parent" android:layout_above="@+id/bottom_navigation" android:layout_below="@+id/snackbar_container"/>
        <FrameLayout android:id="@+id/subFragment" android:layout_width="match_parent" android:layout_height="match_parent" android:layout_below="@+id/snackbar_container"/>
        <View android:background="@drawable/topbar_shadow" android:layout_width="match_parent" android:layout_height="wrap_content" android:layout_below="@+id/top_bar"/>
        <RelativeLayout android:id="@+id/sync_msg_container" android:background="@drawable/bg_sync_msg" android:visibility="gone" android:layout_width="match_parent" android:layout_height="wrap_content" android:layout_marginLeft="20dp" android:layout_marginRight="20dp" android:layout_marginBottom="30dp" android:layout_above="@+id/bottom_navigation">
            <ImageView android:id="@+id/sync_error_icon" android:layout_width="wrap_content" android:layout_height="wrap_content" android:layout_marginLeft="10dp" android:layout_alignParentLeft="true" android:layout_centerVertical="true" app:srcCompat="@drawable/title_error"/>
            <TextView android:textColor="#ee000000" android:gravity="center" android:id="@+id/msg" android:layout_width="match_parent" android:layout_height="wrap_content" android:minHeight="46dp"/>
        </RelativeLayout>
    </RelativeLayout>
    <com.google.android.material.floatingactionbutton.FloatingActionButton android:id="@+id/bottom_fab" android:focusable="true" android:clickable="true" android:layout_width="wrap_content" android:layout_height="wrap_content" app:backgroundTint="?attr/fabColor" app:fabSize="0" app:layout_anchor="@+id/bottom_navigation" app:layout_anchorGravity="71" app:srcCompat="@drawable/ic_vector_add" app:tint="?android:attr/textColorPrimaryInverse" style="@style/Widget.Design.FloatingActionButton"/>
</androidx.coordinatorlayout.widget.CoordinatorLayout>
