<?xml version="1.0" encoding="utf-8"?>
<ScrollView xmlns:android="http://schemas.android.com/apk/res/android" xmlns:app="http://schemas.android.com/apk/res-auto" xmlns:aapt="http://schemas.android.com/aapt" android:layout_width="match_parent" android:layout_height="match_parent">
    <LinearLayout android:orientation="vertical" android:id="@+id/root" android:layout_width="match_parent" android:layout_height="wrap_content">
        <include layout="@layout/include_sync_account_part"/>
        <TextView android:textColor="#ffdd0000" android:id="@+id/message" android:background="#22888888" android:padding="10dp" android:visibility="gone" android:layout_width="match_parent" android:layout_height="wrap_content" android:layout_marginLeft="8dp" android:layout_marginTop="10dp" android:layout_marginRight="8dp"/>
        <Button android:id="@+id/premium_btn" android:layout_width="match_parent" android:layout_height="wrap_content" android:layout_margin="4dp" android:text="@string/upgrade_to_premium" style="@style/Widget.AppCompat.Button"/>
        <View android:id="@+id/premium_gone_margin" android:layout_width="match_parent" android:layout_height="10dp"/>
        <View android:id="@+id/sep" android:background="#ff505050" android:layout_width="match_parent" android:layout_height="@dimen/vpixel"/>
        <GridView android:id="@+id/more_grid" android:paddingLeft="4dp" android:paddingRight="4dp" android:layout_width="match_parent" android:layout_height="210dp" android:layout_marginTop="8dp" android:cacheColorHint="#00000000" android:horizontalSpacing="4dp" android:verticalSpacing="10dp" android:stretchMode="spacingWidth" android:columnWidth="100dp" android:numColumns="auto_fit" android:overScrollFooter="@null"/>
    </LinearLayout>
</ScrollView>
