<?xml version="1.0" encoding="utf-8"?>
<com.socialnmobile.colornote.view.NoChildFocusRelativeLayout xmlns:android="http://schemas.android.com/apk/res/android" xmlns:app="http://schemas.android.com/apk/res-auto" xmlns:aapt="http://schemas.android.com/aapt" android:background="@drawable/bg_note_item" android:layout_width="match_parent" android:layout_height="@dimen/snippet_item_height">
    <View android:id="@+id/background" android:layout_width="match_parent" android:layout_height="match_parent"/>
    <View android:id="@+id/color" android:layout_width="@dimen/listLineWidth" android:layout_height="match_parent" android:layout_alignParentLeft="true"/>
    <LinearLayout android:orientation="horizontal" android:id="@+id/title_line" android:layout_width="match_parent" android:layout_height="wrap_content" android:layout_marginTop="2dp" android:layout_toRightOf="@+id/color">
        <TextView android:textSize="@dimen/snippet_title_text_size" android:textStyle="bold" android:ellipsize="end" android:gravity="center_vertical" android:id="@+id/title" android:paddingRight="2dp" android:fadingEdge="horizontal" android:layout_width="0dp" android:layout_height="24dp" android:layout_marginLeft="4dp" android:singleLine="true" android:drawablePadding="4dp" android:layout_weight="1"/>
        <ImageView android:layout_gravity="center_vertical" android:id="@+id/repeat_image" android:visibility="gone" android:layout_width="wrap_content" android:layout_height="wrap_content" android:layout_marginLeft="2dp" android:scaleType="center"/>
        <ImageView android:layout_gravity="center_vertical" android:id="@+id/type_image" android:layout_width="24dp" android:layout_height="24dp" android:layout_marginLeft="2dp" android:layout_marginRight="2dp" android:scaleType="center"/>
    </LinearLayout>
    <TextView android:textSize="@dimen/snippet_content_text_size" android:ellipsize="end" android:gravity="center_vertical" android:id="@+id/content" android:paddingRight="2dp" android:fadingEdge="horizontal" android:layout_width="match_parent" android:layout_height="wrap_content" android:layout_marginLeft="4dp" android:layout_marginTop="2dp" android:maxLines="2" android:lines="2" android:drawablePadding="4dp" android:layout_toRightOf="@+id/color" android:layout_below="@+id/title_line"/>
    <TextView android:textSize="@dimen/note_snippet_item_date_text_size" android:textColor="#ff777777" android:ellipsize="end" android:gravity="center_vertical" android:id="@+id/date" android:layout_width="wrap_content" android:layout_height="wrap_content" android:layout_marginLeft="4dp" android:layout_marginTop="2dp" android:layout_marginRight="2dp" android:layout_toRightOf="@+id/color" android:layout_below="@+id/content"/>
</com.socialnmobile.colornote.view.NoChildFocusRelativeLayout>
