<?xml version="1.0" encoding="utf-8"?>
<com.socialnmobile.colornote.view.NoChildFocusRelativeLayout xmlns:android="http://schemas.android.com/apk/res/android" xmlns:app="http://schemas.android.com/apk/res-auto" xmlns:aapt="http://schemas.android.com/aapt" android:layout_width="match_parent" android:layout_height="wrap_content">
    <TextView android:id="@+id/dragexpansion" android:background="@color/dropplace_background" android:visibility="gone" android:layout_width="match_parent" android:layout_height="wrap_content"/>
    <View android:id="@+id/divider" android:background="@drawable/divider_checklist" android:visibility="gone" android:layout_width="match_parent" android:layout_height="wrap_content" android:layout_below="@+id/dragexpansion" android:layout_alignWithParentIfMissing="true"/>
    <LinearLayout android:orientation="horizontal" android:id="@+id/content" android:layout_width="match_parent" android:layout_height="wrap_content" android:layout_below="@+id/divider" android:layout_alignWithParentIfMissing="true">
        <ImageButton android:layout_gravity="center_vertical" android:id="@+id/btn_down" android:background="?attr/selectableItemBackgroundBorderless" android:layout_width="50dp" android:layout_height="match_parent" android:layout_marginLeft="5dp"/>
        <ImageButton android:layout_gravity="center_vertical" android:id="@+id/btn_up" android:background="?attr/selectableItemBackgroundBorderless" android:layout_width="50dp" android:layout_height="match_parent"/>
        <ImageView android:layout_gravity="center_vertical" android:id="@+id/icon_drag" android:layout_width="50dp" android:layout_height="50dp" android:layout_marginLeft="5dp" android:scaleType="center"/>
        <TextView android:textAppearance="?android:attr/textAppearanceLarge" android:textColor="#ff000000" android:gravity="center_vertical" android:id="@+id/text" android:paddingLeft="5dp" android:paddingRight="5dp" android:layout_width="0dp" android:layout_height="wrap_content" android:layout_weight="1"/>
        <RelativeLayout android:padding="5dp" android:clickable="true" android:layout_width="55dp" android:layout_height="match_parent">
            <ImageButton android:id="@+id/btn_del" android:background="?attr/selectableItemBackgroundBorderless" android:layout_width="match_parent" android:layout_height="match_parent" android:scaleType="center"/>
        </RelativeLayout>
    </LinearLayout>
</com.socialnmobile.colornote.view.NoChildFocusRelativeLayout>
