{
    "1": "1 Cent,Australian dollar,australia",
    "2": "2 Cents,Australian dollar,australia",
    "3": "5 Cents,Australian dollar,australia",
    "4": "10 Cents,Australian dollar,australia",
    "5": "20 Cents,Australian dollar,australia",
    "6": "50 Cents,Australian dollar,australia",
    "7": "1 Dollar,Australian dollar,australia",
    "8": "2 Dollars,Australian dollar,australia",
    "9": "1 Centavo,Brazilian Real,brazil",
    "10": "5 Centavos,Brazilian Real,brazil",
    "51": "5 Kroner,Danish Krone,denmark",
    "52": "10 Kroner,Danish Krone,denmark",
    "53": "20 Kroner,Danish Krone,denmark",
    "54": "1 euro Cent,Euro,spain",
    "55": "2 euro Cent,Euro,spain",
    "56": "5 euro Cent,Euro,spain",
    "57": "10 euro Cent,Euro,spain",
    "58": "20 euro Cent,Euro,spain",
    "59": "50 euro Cent,Euro,spain"
}