{
    "1": {
        "name": "1 Cent,Australian dollar,australia",
        "description": "The cent (in circulation 1966\u20131992), formally the one-cent coin and informally the penny, was the lowest-denomination coin of the Australian dollar. It was introduced on 14 February 1966 in the decimalisation of Australian currency and was withdrawn from circulation in 1992 (along with the two-cent coin).[1][2] It is still minted as a non-circulating coin.",
        "basic_info": {
            "Value": "0.01 AUD",
            "Mass": "2.60\u00a0g",
            "Diameter": "17.65?\u00a0mm",
            "Edge": "Plain",
            "Composition": "97% copper2.5% zinc0.5% tin",
            "Years": "1966\u20131991,  2006 and 2010-2016",
            "Design": "Feathertail glider (Acrobates pygmaeus)",
            "Designer": "Stuart Devlin",
            "Design date": "1966",
            "Technique": "N/A",
            "Orientation": "N/A",
            "Shape": "N/A",
            "Period": "N/A",
            "References": "N/A",
            "Thickness": "N/A",
            "Weight": "N/A",
            "Number": "N/A",
            "Type": "N/A",
            "Currency": "N/A",
            "Issuer": "N/A"
        }
    },
    "2": {
        "name": "2 Cents,Australian dollar,australia",
        "description": "The Australian two-cent coin was introduced in 1966 and was the coin of the second-lowest denomination until it was withdrawn from circulation in 1992 (along with the one-cent piece). It is still counted as legal tender, but is subject to some restrictions, and one-cent and two-cent coins are legal tender only up to the sum of 20 cents.",
        "basic_info": {
            "Value": "0.02 AUD",
            "Mass": "5.20\u00a0g",
            "Diameter": "21.59\u00a0mm",
            "Thickness": "1.4 mm\u00a0mm",
            "Edge": "Plain",
            "Composition": "97% copper2.5% zinc0.5% tin",
            "Years": "1966\u20131991 and 2006-16",
            "Design": "Frill-necked lizard (Chlamydosaurus kingii)",
            "Designer": "Stuart Devlin",
            "Design date": "1966",
            "Issuer": "N/A",
            "Period": "N/A",
            "Weight": "N/A",
            "Number": "N/A",
            "Orientation": "N/A",
            "References": "N/A",
            "Type": "N/A",
            "Shape": "N/A",
            "Technique": "N/A",
            "Currency": "N/A"
        }
    },
    "3": {
        "name": "5 Cents,Australian dollar,australia",
        "description": "The Australian five-cent coin (Nickel) (originally called a \"zac\") is the lowest-denomination circulating coin of the decimal Australian dollar introduced in 14 February 1966, replacing the pre-decimal sixpence. It has been the lowest-denomination coin in general circulation since the withdrawal of the one-cent and two-cent coins in 1992.",
        "basic_info": {
            "Value": "0.05 AUD",
            "Mass": "2.83\u00a0g",
            "Diameter": "19.41\u00a0mm",
            "Thickness": "1.30\u00a0mm",
            "Edge": "Reeded",
            "Composition": "75% Copper,25% Nickel",
            "Years": "1966\u2013present",
            "Catalog number": "KM# 80",
            "Design": "Echidna",
            "Designer": "Stuart Devlin",
            "Design date": "1966",
            "Issuer": "N/A",
            "Period": "N/A",
            "Weight": "N/A",
            "Number": "N/A",
            "Orientation": "N/A",
            "References": "N/A",
            "Type": "N/A",
            "Shape": "N/A",
            "Technique": "N/A",
            "Currency": "N/A"
        }
    },
    "4": {
        "name": "10 Cents,Australian dollar,australia",
        "description": "The Australian ten-cent coin is a coin of the decimal Australian dollar. When the dollar was introduced as half of an Australian pound on 14 February 1966, the coin inherited the specifications of the pre-decimal shilling; both coins were worth one twentieth of a pound and were called \"bob\". On introduction it was the fourth-lowest denomination coin. Since the withdrawal from circulation of the one and two cent coins in 1992, it has been the second-lowest denomination coin in circulation.",
        "basic_info": {
            "Value": "0.10 AUD",
            "Mass": "5.65\u00a0g",
            "Diameter": "23.60\u00a0mm",
            "Thickness": "2.00\u00a0mm",
            "Edge": "milled",
            "Composition": "75% Copper,25% Nickel",
            "Years": "1966\u2013present",
            "Catalog number": "\u2014",
            "Design": "Male superb lyrebird (Menura novaehollandiae)",
            "Designer": "Stuart Devlin",
            "Design date": "1966",
            "Issuer": "N/A",
            "Period": "N/A",
            "Weight": "N/A",
            "Number": "N/A",
            "Orientation": "N/A",
            "References": "N/A",
            "Type": "N/A",
            "Shape": "N/A",
            "Technique": "N/A",
            "Currency": "N/A"
        }
    },
    "5": {
        "name": "20 Cents,Australian dollar,australia",
        "description": "The Australian twenty-cent coin (Quinter)[citation needed] of the Australian decimal currency system was issued with conversion to decimal currency on 14 February 1966,[1] replacing the florin which was worth two shillings, a tenth of a pound.",
        "basic_info": {
            "Value": "0.2 AUD",
            "Mass": "11.3\u00a0g",
            "Diameter": "28.65\u00a0mm",
            "Thickness": "2.50\u00a0mm",
            "Edge": "milled",
            "Composition": "75% Copper,25% Nickel",
            "Years": "1966\u2013present",
            "Catalog number": "\u2014",
            "Design": "Platypus",
            "Designer": "Stuart Devlin",
            "Design date": "1966",
            "Issuer": "N/A",
            "Period": "N/A",
            "Weight": "N/A",
            "Number": "N/A",
            "Orientation": "N/A",
            "References": "N/A",
            "Type": "N/A",
            "Shape": "N/A",
            "Technique": "N/A",
            "Currency": "N/A"
        }
    },
    "6": {
        "name": "50 Cents,Australian dollar,australia",
        "description": "The twelve-sided Australian fifty-cent coin is the third-highest denomination coin of the Australian dollar and the largest in terms of size in circulation. It is equal in size and shape to the Cook Island $5 coin, and both remain the only 12-sided coins in the southern hemisphere. It was introduced in 1969[3] to replace the round fifty-cent coin issued in 1966.",
        "basic_info": {
            "Value": "0.50 AUD",
            "Mass": "15.55\u00a0g",
            "Diameter": "31.65 (across flats[1])\u00a0mm",
            "Thickness": "2.80 mm (maximum)[2]",
            "Edge": "Plain",
            "Shape": "Dodecagonal",
            "Composition": "75% copper, 25% nickel",
            "Years": "1969\u2013present",
            "Catalog number": "\u2014",
            "Design": "Australian coat of arms",
            "Designer": "Stuart Devlin",
            "Design date": "1965",
            "Issuer": "N/A",
            "Period": "N/A",
            "Weight": "N/A",
            "Number": "N/A",
            "Orientation": "N/A",
            "References": "N/A",
            "Type": "N/A",
            "Technique": "N/A",
            "Currency": "N/A"
        }
    },
    "7": {
        "name": "1 Dollar,Australian dollar,australia",
        "description": "The Australian one-dollar coin is the second most valuable circulation denomination coin of the Australian dollar after the two-dollar coin; there are also non-circulating legal-tender coins of higher denominations (five-, ten-, two-hundred-dollar coins[1] and the one-million-dollar coin[2]).",
        "basic_info": {
            "Value": "1.00 AUD",
            "Mass": "9.00\u00a0g",
            "Diameter": "25.00\u00a0mm",
            "Thickness": "2.80\u00a0mm",
            "Edge": "interrupted milled 0.25 mm 77 notches",
            "Composition": "92% Copper, 6% Aluminium, 2% Nickel",
            "Years": "1984\u2013present",
            "Catalog number": "\u2014",
            "Design": "Five kangaroos",
            "Designer": "Stuart Devlin",
            "Design date": "1983",
            "Issuer": "N/A",
            "Period": "N/A",
            "Weight": "N/A",
            "Number": "N/A",
            "Orientation": "N/A",
            "References": "N/A",
            "Type": "N/A",
            "Shape": "N/A",
            "Technique": "N/A",
            "Currency": "N/A"
        }
    },
    "8": {
        "name": "2 Dollars,Australian dollar,australia",
        "description": "The Australian two-dollar coin is the highest-denomination coin of the Australian dollar. It was first issued on 20 June 1988, having been in planning since the mid-1970s. It replaced the Australian two-dollar note due to having a longer circulatory life.[1]\nThe only \"mint set only\" year was 1991.",
        "basic_info": {
            "Value": "2.00 AUD",
            "Mass": "6.60\u00a0g",
            "Diameter": "20.50\u00a0mm",
            "Thickness": "2.80\u00a0mm",
            "Edge": "interrupted milled20 notches",
            "Composition": "92% copper, 6% aluminium, 2% nickel",
            "Years": "1988\u2013present",
            "Design": "Male Aboriginal Elder",
            "Designer": "Horst Hahne",
            "Design date": "1987",
            "Issuer": "N/A",
            "Period": "N/A",
            "Weight": "N/A",
            "Number": "N/A",
            "Orientation": "N/A",
            "References": "N/A",
            "Type": "N/A",
            "Shape": "N/A",
            "Technique": "N/A",
            "Currency": "N/A"
        }
    },
    "9": {
        "name": "1 Centavo,Brazilian Real,brazil",
        "description": "Effigy of the Republic, surrounded by the stylish representation of laurel leaves, and state name 'BRASIL'",
        "basic_info": {
            "Issuer": "Brazil",
            "Period": "FederativeRepublicofBrazil(1967-date)",
            "Type": "Standardcirculationcoin",
            "Years": "1994-1997",
            "Value": "1Centavo0.01BRL=USD0.0019",
            "Currency": "Real(1994-date)",
            "Composition": "Stainlesssteel",
            "Weight": "2.96g",
            "Diameter": "20.00mm",
            "Thickness": "1.5mm",
            "Shape": "Round",
            "Technique": "Milled",
            "Orientation": "Coinalignment\u2191\u2193",
            "Number": "Numistatypenumber(https://en.numista.com/help/what-is-the-n-number-visible-in-the-catalogue-33.html)",
            "References": "TracyL.Schmidt(editor);2019.StandardCatalogofWorldCoins/2001-Date(14thedition).KrausePublications,StevensPoint,Wisconsin,UnitedStates.And5morevolumes.Sch\u00f6n#\u202f140,GerhardSch\u00f6n;2022.Weltm\u00fcnzkatalog/20.Jahrhundert:1901-2000(47.Auflage).BattenbergGietlVerlag,Regenstauf,Germany.And2morevolumes.Bentes#\u202f772RodrigoMaldonado;2018.BentesguiaoficialdasmoedasBrasileiras(6thedition).BentesEdizioniNumismatiche,Ischia,Italy.",
            "Design date": "N/A",
            "Design": "N/A",
            "Designer": "N/A",
            "Edge": "N/A",
            "Mass": "N/A"
        }
    },
    "10": {
        "name": "5 Centavos,Brazilian Real,brazil",
        "description": "Portrait of Joaqu\u00edm Jos\u00e9 da Silva Xavier (Tiradentes)",
        "basic_info": {
            "Issuer": "Brazil",
            "Period": "FederativeRepublicofBrazil(1967-date)",
            "Type": "Standardcirculationcoin",
            "Years": "1998-2022",
            "Value": "5Centavos0.05BRL=USD0.0096",
            "Currency": "Real(1994-date)",
            "Composition": "Copperplatedsteel",
            "Weight": "4.1g",
            "Diameter": "22mm",
            "Thickness": "1.65mm",
            "Shape": "Round",
            "Technique": "Milled",
            "Orientation": "Coinalignment\u2191\u2193",
            "Number": "N#\u202f1049Numistatypenumber(https://en.numista.com/help/what-is-the-n-number-visible-in-the-catalogue-33.html)",
            "References": "KM#\u202f648,TracyL.Schmidt(editor);2019.StandardCatalogofWorldCoins/2001-Date(14thedition).KrausePublications,StevensPoint,Wisconsin,UnitedStates.And5morevolumes.Sch\u00f6n#\u202f156GerhardSch\u00f6n;2022.Weltm\u00fcnzkatalog/20.Jahrhundert:1901-2000(47.Auflage).BattenbergGietlVerlag,Regenstauf,Germany.And2morevolumes.",
            "Designer": "N/A",
            "Edge": "N/A",
            "Design date": "N/A",
            "Mass": "N/A",
            "Design": "N/A"
        }
    },
    "11": {
        "name": "10 Centavos,Brazilian Real,brazil",
        "description": "The portrait of Pedro I (1798-1834), the founder and first ruler of the Empire of Brazil, facing left",
        "basic_info": {
            "Issuer": "Brazil",
            "Period": "FederativeRepublicofBrazil(1967-date)",
            "Type": "Standardcirculationcoin",
            "Years": "1998-2022",
            "Value": "10Centavos0.1BRL=USD0.019",
            "Currency": "Real(1994-date)",
            "Composition": "Bronzeplatedsteel",
            "Weight": "4.8g",
            "Diameter": "20mm",
            "Thickness": "2.23mm",
            "Shape": "Round",
            "Technique": "Milled",
            "Orientation": "Coinalignment\u2191\u2193",
            "Number": "N#\u202f2253Numistatypenumber(https://en.numista.com/help/what-is-the-n-number-visible-in-the-catalogue-33.html)",
            "References": "KM#\u202f649,TracyL.Schmidt(editor);2019.StandardCatalogofWorldCoins/2001-Date(14thedition).KrausePublications,StevensPoint,Wisconsin,UnitedStates.And5morevolumes.Sch\u00f6n#\u202f157GerhardSch\u00f6n;2022.Weltm\u00fcnzkatalog/20.Jahrhundert:1901-2000(47.Auflage).BattenbergGietlVerlag,Regenstauf,Germany.And2morevolumes.",
            "Design date": "N/A",
            "Design": "N/A",
            "Designer": "N/A",
            "Edge": "N/A",
            "Mass": "N/A"
        }
    },
    "12": {
        "name": "25 Centavos,Brazilian Real,brazil",
        "description": "The portrait of Manuel Deodoro da Fonseca (1827-1892, who proclaimed the Brazilian republic and was its first president, facing left with the Brazilian coat of arms to the left",
        "basic_info": {
            "Issuer": "Brazil",
            "Period": "FederativeRepublicofBrazil(1967-date)",
            "Type": "Standardcirculationcoin",
            "Years": "1998-2022",
            "Value": "25Centavos0.25BRL=USD0.048",
            "Currency": "Real(1994-date)",
            "Composition": "Bronzeplatedsteel",
            "Weight": "7.55g",
            "Diameter": "25mm",
            "Thickness": "2.25mm",
            "Shape": "Round",
            "Technique": "Milled",
            "Orientation": "Coinalignment\u2191\u2193",
            "Number": "N#\u202f2252Numistatypenumber(https://en.numista.com/help/what-is-the-n-number-visible-in-the-catalogue-33.html)",
            "References": "KM#\u202f650,TracyL.Schmidt(editor);2019.StandardCatalogofWorldCoins/2001-Date(14thedition).KrausePublications,StevensPoint,Wisconsin,UnitedStates.And5morevolumes.Sch\u00f6n#\u202f158GerhardSch\u00f6n;2022.Weltm\u00fcnzkatalog/20.Jahrhundert:1901-2000(47.Auflage).BattenbergGietlVerlag,Regenstauf,Germany.And2morevolumes.",
            "Design date": "N/A",
            "Design": "N/A",
            "Designer": "N/A",
            "Edge": "N/A",
            "Mass": "N/A"
        }
    },
    "13": {
        "name": "1 Real,Brazilian Real,brazil",
        "description": "Head of the Republic facing left with geometric patterns and legend at left.",
        "basic_info": {
            "Issuer": "Brazil",
            "Period": "FederativeRepublicofBrazil(1967-date)",
            "Type": "Standardcirculationcoin",
            "Years": "2002-2022",
            "Value": "1Real1BRL=USD0.19",
            "Currency": "Real(1994-date)",
            "Composition": "Bimetallic:stainlesssteelcentreinbronzeplatedsteelring",
            "Weight": "7g",
            "Diameter": "27mm",
            "Thickness": "1.95mm",
            "Shape": "Round",
            "Technique": "Milled",
            "Orientation": "Coinalignment\u2191\u2193",
            "Number": "N#\u202f8896Numistatypenumber(https://en.numista.com/help/what-is-the-n-number-visible-in-the-catalogue-33.html)",
            "References": "KM#\u202f652a,TracyL.Schmidt(editor);2019.StandardCatalogofWorldCoins/2001-Date(14thedition).KrausePublications,StevensPoint,Wisconsin,UnitedStates.And5morevolumes.Sch\u00f6n#\u202f160aGerhardSch\u00f6n;2022.Weltm\u00fcnzkatalog/20.Jahrhundert:1901-2000(47.Auflage).BattenbergGietlVerlag,Regenstauf,Germany.And2morevolumes.",
            "Design date": "N/A",
            "Design": "N/A",
            "Designer": "N/A",
            "Edge": "N/A",
            "Mass": "N/A"
        }
    },
    "14": {
        "name": "1 Penny,British Pound,united_kingdom",
        "description": "Uncrowned portrait of King George V facing left, legend around.",
        "basic_info": {
            "Location": "UnitedKingdom",
            "Issuing entity": "TheRoyalMint",
            "King": "GeorgeV(1910-1936)",
            "Type": "Standardcirculationcoin",
            "Years": "1911-1926",
            "Value": "1Penny=1\u204412Shilling(1\u2044240)",
            "Currency": "Poundsterling(1158-1970)",
            "Composition": "Bronze",
            "Weight": "9.45g",
            "Diameter": "30.8mm",
            "Thickness": "1.6mm",
            "Shape": "Round",
            "Technique": "Milled",
            "Orientation": "Medalalignment\u2191\u2191",
            "Demonetized": "31August1971",
            "Number": "N#\u202f578Numistatypenumber(https://en.numista.com/help/what-is-the-n-number-visible-in-the-catalogue-33.html)",
            "References": "KM#\u202f810,TracyL.Schmidt(editor);2019.StandardCatalogofWorldCoins/2001-Date(14thedition).KrausePublications,StevensPoint,Wisconsin,UnitedStates.And5morevolumes.Sp#\u202f4051-3EmmaHoward(editor);2021.StandardCatalogueofBritishCoins:CoinsofEngland&theUnitedKingdomPre-DecimalIssues(56thedition).Spink&Son,London,UnitedKingdom.And2morevolumes.",
            "Issuer": "N/A",
            "Design date": "N/A",
            "Period": "N/A",
            "Design": "N/A",
            "Designer": "N/A",
            "Edge": "N/A",
            "Mass": "N/A"
        }
    },
    "15": {
        "name": "2 Penny,British Pound,united_kingdom",
        "description": "The British twopence (2d) (/\u02c8t\u028cp\u0259ns/ or /\u02c8tu\u02d0p\u0259ns/) coin was a denomination of sterling coinage worth two pennies or 1/120 of a pound. It was a short-lived denomination in copper, being minted in only 1797 by Matthew Boulton's Soho Mint.",
        "basic_info": {
            "Value": "2d sterling",
            "Mass": "56.7\u00a0g   (2\u00a0oz)",
            "Diameter": "41\u00a0mm (1.6\u00a0in)",
            "Edge": "Plain",
            "Composition": "Copper",
            "Years": "1797",
            "Mint marks": "SOHO, below and to the right of Britannia.",
            "Design": "Britannia",
            "Designer": "Conrad Heinrich K\u00fcchler",
            "Design date": "1797",
            "Issuer": "N/A",
            "Period": "N/A",
            "Weight": "N/A",
            "Number": "N/A",
            "Orientation": "N/A",
            "References": "N/A",
            "Type": "N/A",
            "Thickness": "N/A",
            "Shape": "N/A",
            "Technique": "N/A",
            "Currency": "N/A"
        }
    },
    "16": {
        "name": "5 Pence,British Pound,united_kingdom",
        "description": "The British decimal five pence coin (often shortened to 5p in writing and speech)  is a denomination of sterling coinage worth five one-hundredths of a pound. Its obverse has featured the profile of Queen Elizabeth II since the coin\u2019s introduction on 23 April 1968, replacing the shilling in preparation for decimalisation in 1971.[1] It remained the same size as the one shilling coin, which also remained legal tender, until a smaller version was introduced in June 1990 with the older coins being withdrawn on 31 December 1990.[2] Four different portraits of the Queen have been used, with the latest design by Jody Clark being introduced in 2015. The second and current reverse, featuring a segment of the Royal Shield, was introduced in 2008.",
        "basic_info": {
            "Value": "\u00a30.05",
            "Mass": "(1968\u20131990) 5.65 g(1990\u2013present) 3.25\u00a0g",
            "Diameter": "(1968\u20131990) 23.59 mm(1990\u2013present) 18.00\u00a0mm",
            "Thickness": "(Cupro-nickel) 1.7 mm(Steel) 1.89\u00a0mm",
            "Edge": "Milled",
            "Composition": "Cupronickel (1968\u20132010)Nickel-plated steel (2011\u2013)",
            "Years": "1968\u2013present",
            "Design": "Segment of the Royal Shield",
            "Designer": "Matthew Dent",
            "Design date": "2008",
            "Issuer": "N/A",
            "Period": "N/A",
            "Weight": "N/A",
            "Number": "N/A",
            "Orientation": "N/A",
            "References": "N/A",
            "Type": "N/A",
            "Shape": "N/A",
            "Technique": "N/A",
            "Currency": "N/A"
        }
    },
    "17": {
        "name": "10 Pence,British Pound,united_kingdom",
        "description": "The ten pence coin was originally minted from cupro-nickel (75% Cu, 25% Ni), but since 2012 it has been minted in nickel-plated steel due to the increasing price of metal. From January 2013 the Royal Mint began a programme to gradually remove the previous cupro-nickel coins from circulation and replace them with the nickel-plated steel versions.[3]",
        "basic_info": {
            "Value": "\u00a30.10",
            "Mass": "(1968\u20131992) 11.31 g(1992\u2013present) 6.5\u00a0g",
            "Diameter": "(1968\u20131992) 28.5 mm(1992\u2013present) 24.5\u00a0mm",
            "Thickness": "(Cupro-nickel) 1.85 mm(Steel) 2.05\u00a0mm",
            "Edge": "Milled",
            "Composition": "Cupro-nickel (1971\u20132012)Nickel-plated steel (2012\u2013)",
            "Years": "1968\u2013present",
            "Design": "Segment of the Royal Shield",
            "Designer": "Matthew Dent",
            "Design date": "2008",
            "Issuer": "N/A",
            "Period": "N/A",
            "Weight": "N/A",
            "Number": "N/A",
            "Orientation": "N/A",
            "References": "N/A",
            "Type": "N/A",
            "Shape": "N/A",
            "Technique": "N/A",
            "Currency": "N/A"
        }
    },
    "18": {
        "name": "20 Pence,British Pound,united_kingdom",
        "description": "As of March 2014 there were an estimated 2,765 million 20p coins in circulation, with an estimated face value of \u00a3553.025 million.[2] Of this estimated number, between 50,000 and 200,000 of these coins are undated mule coins minted in 2008 after the dies for the old and new designs were accidentally mixed up during the minting process.",
        "basic_info": {
            "Value": "\u00a30.20",
            "Mass": "5.0\u00a0g",
            "Diameter": "21.4\u00a0mm",
            "Thickness": "1.7\u00a0mm",
            "Edge": "Plain",
            "Composition": "Cupro-nickel (1982\u2013present)",
            "Years": "1982\u2013present",
            "Design": "Segment of the Royal Shield",
            "Designer": "Matthew Dent",
            "Design date": "2008",
            "Issuer": "N/A",
            "Period": "N/A",
            "Weight": "N/A",
            "Number": "N/A",
            "Orientation": "N/A",
            "References": "N/A",
            "Type": "N/A",
            "Shape": "N/A",
            "Technique": "N/A",
            "Currency": "N/A"
        }
    },
    "19": {
        "name": "50 Pence,British Pound,united_kingdom",
        "description": "The British decimal fifty pence coin (often shortened to 50p in writing and speech) is a denomination of sterling coinage worth one half of a pound. Its obverse features the profile of the current Monarch since the coin's introduction in 1969. As of October\u00a02022[update], five different royal portraits have been used.",
        "basic_info": {
            "Value": "\u00a30.50",
            "Mass": "(1969\u20131994) 13.5 g\n(1997\u2013pres.) 8.0 g",
            "Diameter": "(1969\u20131994) 30.0 mm\n(1997\u2013pres.) 27.3 mm",
            "Thickness": "(1969\u20131994) 2.5 mm\n(1997\u2013pres.) 1.78 mm",
            "Edge": "Plain",
            "Composition": "Cupro-nickel",
            "Years": "1969\u2013present",
            "Design": "Segment of the Royal Shield",
            "Designer": "Matthew Dent",
            "Design date": "2008",
            "Design discontinued": "2008",
            "Issuer": "N/A",
            "Period": "N/A",
            "Weight": "N/A",
            "Number": "N/A",
            "Orientation": "N/A",
            "References": "N/A",
            "Type": "N/A",
            "Shape": "N/A",
            "Technique": "N/A",
            "Currency": "N/A"
        }
    },
    "20": {
        "name": "1 Pound,British Pound,united_kingdom",
        "description": "The British one pound (\u00a31) coin is a denomination of sterling coinage. Its obverse bears the Latin engraving ELIZABETH II D G REG (Dei Gratia Regina) F D (Fidei defensor) meaning, 'Elizabeth II, by the grace of God, Queen, Defender of the Faith'.[1][2] It has featured the profile of Queen Elizabeth II since the original coin's introduction on 21 April 1983.[3] Four different portraits of the Queen have been used, with the latest design by Jody Clark being introduced in 2015. The design on the reverse side of the current, 12-sided coin features four emblems to represent each of the nations of the United Kingdom \u2014 the English rose, the leek for Wales, the Scottish thistle, and the shamrock for Northern Ireland, also two or three oak leaves \u2014 emerging from a single 5-branched stem within a crown. In May 2022 the Royal Mint announced that the Kenyan-born artist  Michael Armitage is designing a new \u00a31 coin which will be issued in 2023 and will celebrate the \"history of the UK in the 21st century\".[4]",
        "basic_info": {
            "Value": "\u00a31",
            "Mass": "8.75\u00a0g",
            "Diameter": "23.03\u201323.43\u00a0mm",
            "Thickness": "2.8\u00a0mm",
            "Edge": "Alternately milled and plain",
            "Composition": "Outer ring:Nickel-brass(76% Cu, 20% Zn, and 4% Ni)Inner planchet:Nickel-plated alloy",
            "Years": "2016\u2013present",
            "Design": "Rose, leek, thistle, and shamrock encircled by a coronet",
            "Designer": "David Pearce",
            "Design date": "2016",
            "Issuer": "N/A",
            "Period": "N/A",
            "Weight": "N/A",
            "Number": "N/A",
            "Orientation": "N/A",
            "References": "N/A",
            "Type": "N/A",
            "Shape": "N/A",
            "Technique": "N/A",
            "Currency": "N/A"
        }
    },
    "21": {
        "name": "2 Pounds,British Pound,united_kingdom",
        "description": "The coin was introduced on 15 June 1998 (coins minted 1997) after a review of the United Kingdom's coinage decided that a general-circulation \u00a32 coin was needed.[1] The new bi-metallic coin design replaced a series of commemorative, uni-metallic coins which were issued between 1986 and 1996 to celebrate special occasions. Although legal tender, those earlier coins had never been common in everyday circulation.",
        "basic_info": {
            "Value": "\u00a32",
            "Mass": "12\u00a0g",
            "Diameter": "28.4\u00a0mm",
            "Thickness": "2.5\u00a0mm",
            "Edge": "Milled, with incuse lettering",
            "Composition": "Outer ring: Nickel-brass(76% Cu, 20% Zn and 4% Ni)Centre: Cupro-nickel(75% Cu , 25% Ni)",
            "Years": "1997\u2013present",
            "Design": "Britannia",
            "Designer": "Antony Dufort",
            "Design date": "2015",
            "Issuer": "N/A",
            "Period": "N/A",
            "Weight": "N/A",
            "Number": "N/A",
            "Orientation": "N/A",
            "References": "N/A",
            "Type": "N/A",
            "Shape": "N/A",
            "Technique": "N/A",
            "Currency": "N/A"
        }
    },
    "22": {
        "name": "1 Cent,Canadian Dollar,canada",
        "description": "In Canada, a penny (minted 1858\u20132012) is a coin worth one cent, or 1\u2044100 of a dollar. According to the Royal Canadian Mint, the official national term for the coin is the \"one-cent piece\", but in practice the terms penny and cent predominate. Penny was likely readily adopted because the previous coinage in Canada (up to 1858) was the British monetary system, where Canada used British pounds, shillings, and pence as coinage alongside U.S. decimal coins and Spanish milled dollars.",
        "basic_info": {
            "Value": "0.01 CAD",
            "Mass": "2.35\u00a0g",
            "Diameter": "19.05\u00a0mm",
            "Thickness": "1.45\u00a0mm",
            "Edge": "Smooth",
            "Composition": "94% steel,1.5% Ni,4.5% Cu plating",
            "Years": "1858\u20132012",
            "Catalog number": "CC 20",
            "Design": "Maple leaf branch",
            "Designer": "G.E. Kruger Gray",
            "Design date": "1937",
            "Design discontinued": "2013",
            "Issuer": "N/A",
            "Period": "N/A",
            "Weight": "N/A",
            "Number": "N/A",
            "Orientation": "N/A",
            "References": "N/A",
            "Type": "N/A",
            "Shape": "N/A",
            "Technique": "N/A",
            "Currency": "N/A"
        }
    },
    "23": {
        "name": "5 Cents,Canadian Dollar,canada",
        "description": "The Canadian five-cent coin, commonly called a nickel, is a coin worth five cents or one-twentieth of a Canadian dollar.  It was patterned on the corresponding coin in the neighbouring United States.  It became the smallest-valued coin in the currency upon the discontinuation of the penny in 2013. Due to inflation, the purchasing power of the nickel continues to drop and currently the coin represents less than 0.5% of the country's lowest minimum hourly wage.",
        "basic_info": {
            "Value": "0.05 CAD",
            "Mass": "3.95\u00a0g",
            "Diameter": "21.2\u00a0mm",
            "Thickness": "1.76\u00a0mm",
            "Edge": "smooth (plain)",
            "Composition": "Nickel-plated steel94.5% steel,3.5% Cu,2% Ni plating",
            "Years": "1858\u2013present",
            "Catalog number": "\u2013",
            "Design": "Beaver sitting on a rock",
            "Designer": "G.E. Kruger Gray",
            "Design date": "1937",
            "Issuer": "N/A",
            "Period": "N/A",
            "Weight": "N/A",
            "Number": "N/A",
            "Orientation": "N/A",
            "References": "N/A",
            "Type": "N/A",
            "Shape": "N/A",
            "Technique": "N/A",
            "Currency": "N/A"
        }
    },
    "24": {
        "name": "10 Cents,Canadian Dollar,canada",
        "description": "In Canada, a dime is a coin worth ten cents. It has been the physically smallest Canadian coin since 1922; it is smaller even than the penny, despite its higher face value. According to the Royal Canadian Mint, the official national term of the coin is the 10-cent piece, but in practice, the term dime predominates in English-speaking Canada. It is nearly identical in size to the American dime. Unlike its American counterpart, the Canadian dime is magnetic due to a distinct metal composition. From 1968 to 1999, it was composed entirely of nickel, and since 2000, it has consisted of a steel core with plating composed of layers of nickel and copper.",
        "basic_info": {
            "Value": "0.10 Canadian dollar",
            "Mass": "1.75\u00a0g",
            "Diameter": "18.03\u00a0mm",
            "Thickness": "1.22\u00a0mm",
            "Edge": "Milled",
            "Composition": "Nickel-plated steel92% steel,5.5% Cu,2.5% Ni plating",
            "Years": "1858\u2013present",
            "Catalog number": "\u2013",
            "Design": "Bluenose schooner",
            "Designer": "Emanuel Hahn; design based on photographs of the Bluenose[1]",
            "Design date": "1937",
            "Issuer": "N/A",
            "Period": "N/A",
            "Weight": "N/A",
            "Number": "N/A",
            "Orientation": "N/A",
            "References": "N/A",
            "Type": "N/A",
            "Shape": "N/A",
            "Technique": "N/A",
            "Currency": "N/A"
        }
    },
    "25": {
        "name": "25 Cents,Canadian Dollar,canada",
        "description": "The quarter, short for quarter dollar, is a Canadian coin worth 25 cents or one-fourth of a Canadian dollar. It is a small, circular coin of silver colour. According to the Royal Canadian Mint, the official name for the coin is the 25-cent piece, but in practice it is usually called a \"quarter\", much like its American counterpart. In French, it is called a caribou or trente sous (\"thirty sous\", based on the old exchange rate).[1][2] The coin is produced at the Royal Canadian Mint's facility in Winnipeg, Manitoba.",
        "basic_info": {
            "Value": "0.25 Canadian dollar",
            "Mass": "4.4\u00a0g",
            "Diameter": "23.88\u00a0mm",
            "Thickness": "1.58\u00a0mm",
            "Edge": "Milled",
            "Composition": "Nickel-plated steel94% steel,3.8% Cu,2.2% Ni plating",
            "Years": "1870\u2013present",
            "Catalog number": "\u2013",
            "Design": "Caribou",
            "Designer": "Emmanuel Hahn",
            "Design date": "1937",
            "Issuer": "N/A",
            "Period": "N/A",
            "Weight": "N/A",
            "Number": "N/A",
            "Orientation": "N/A",
            "References": "N/A",
            "Type": "N/A",
            "Shape": "N/A",
            "Technique": "N/A",
            "Currency": "N/A"
        }
    },
    "26": {
        "name": "50 Cents,Canadian Dollar,canada",
        "description": "The Canadian fifty-cent coin (French: pi\u00e8ce de 50 cents) is a Canadian coin worth 50 cents. The coin's reverse depicts the coat of arms of Canada. At the opening ceremonies for the Ottawa branch of the Royal Mint, held on January 2, 1908, Governor General Earl Grey struck the Dominion of Canada's first domestically produced coin. It was a silver fifty-cent coin bearing the effigy of King Edward VII.",
        "basic_info": {
            "Value": "0.50 Canadian dollar",
            "Mass": "6.9\u00a0g",
            "Diameter": "27.13\u00a0mm",
            "Thickness": "1.95\u00a0mm",
            "Edge": "Milled",
            "Composition": "Nickel-plated steel93.15% steel,4.75% Cu,2.1% Ni plating",
            "Years": "1870\u2013present",
            "Catalogue number": "\u2013",
            "Design": "Canadian coat of arms",
            "Designer": "Thomas Shingles",
            "Design date": "1959, updated 1997",
            "Issuer": "N/A",
            "Period": "N/A",
            "Weight": "N/A",
            "Number": "N/A",
            "Orientation": "N/A",
            "References": "N/A",
            "Type": "N/A",
            "Shape": "N/A",
            "Technique": "N/A",
            "Currency": "N/A"
        }
    },
    "27": {
        "name": "1 Dollar,Canadian Dollar,canada",
        "description": "The loonie (French: huard), formally the Canadian one-dollar coin, is a gold-coloured Canadian coin that was introduced in 1987 and is produced by the Royal Canadian Mint at its facility in Winnipeg. The most prevalent versions of the coin show a common loon, a bird found throughout Canada, on the reverse and Queen Elizabeth II, the nation's head of state at the time of the coin's issue, on the obverse.  Various commemorative and specimen-set editions of the coin with special designs replacing the loon on the reverse have been minted over the years.",
        "basic_info": {
            "Value": "1 CAD",
            "Mass": "6.27\u00a0g",
            "Diameter": "26.5\u00a0mm",
            "Thickness": "1.95\u00a0mm",
            "Edge": "Eleven-sided, smooth, 7.5\u00a0mm",
            "Composition": "Steel, brass plating",
            "Years": "1987\u2013present",
            "Catalog number": "\u2013",
            "Design": "Common loon in water",
            "Designer": "Robert-Ralph Carmichael",
            "Design date": "2012",
            "Design discontinued": "2012",
            "Issuer": "N/A",
            "Period": "N/A",
            "Weight": "N/A",
            "Number": "N/A",
            "Orientation": "N/A",
            "References": "N/A",
            "Type": "N/A",
            "Shape": "N/A",
            "Technique": "N/A",
            "Currency": "N/A"
        }
    },
    "28": {
        "name": "2 Dollars,Canadian Dollar,canada",
        "description": "The toonie (also spelled twonie[1][2] or twoonie[3][4]), formally the Canadian two-dollar coin (French: pi\u00e8ce de 2 dollars canadiens, nicknamed deux piastres or deux piastres rond), was introduced on February 19, 1996, by Minister of Public Works Diane Marleau. As of 2023,[update] it possesses the highest monetary value of any circulating Canadian coin. The toonie is a bi-metallic coin which on the reverse side bears an image of a polar bear by artist Brent Townsend. The obverse, like all other current Canadian circulation coins, has a portrait of Queen Elizabeth II. It has the words ELIZABETH II / D.G. REGINA in a typeface different from any other Canadian coin.",
        "basic_info": {
            "Value": "2.00 CAD",
            "Mass": "6.92\u00a0g",
            "Diameter": "28\u00a0mm",
            "Thickness": "1.75\u00a0mm",
            "Edge": "Intermittent milled/smooth",
            "Composition": "1996\u20132012\nOuter ring\n\u00a0\u00a099% Ni\nInner core\n\u00a0\u00a0Aluminum bronze\n\u00a0\u00a0\u00a0(92%\u00a0Cu, 6%\u00a0Al, 2%\u00a0Ni)\n\u00a0\n2012\u2013present\nOuter ring\n\u00a0\u00a0Steel, nickel plating\nInner core\n\u00a0\u00a0\u00a0Aluminum bronze, brass plating",
            "Years": "1996\u2013present",
            "Catalog number": "-",
            "Design": "Polar bear in early summer on an ice floe",
            "Designer": "Brent Townsend",
            "Design date": "2012",
            "Design discontinued": "2012",
            "Issuer": "N/A",
            "Period": "N/A",
            "Weight": "N/A",
            "Number": "N/A",
            "Orientation": "N/A",
            "References": "N/A",
            "Type": "N/A",
            "Shape": "N/A",
            "Technique": "N/A",
            "Currency": "N/A"
        }
    },
    "29": {
        "name": "1 Peso,Chilean Peso,chile",
        "description": "Trident with sun and moon flanking above Himalayas",
        "basic_info": {
            "Issuer": "Nepal",
            "King": "BirendraBirBikramShah(1972-2001)",
            "Type": "Standardcirculationcoin",
            "Years": "2028-2039(1971-1982)",
            "Calendar": "VikramSamvat",
            "Value": "5Paisa0.05NPR=USD0.00038",
            "Currency": "Rupee(1932-date)",
            "Composition": "Aluminium(100%)",
            "Weight": "1.14g",
            "Diameter": "20.5mm",
            "Thickness": "1.61mm",
            "Shape": "Round",
            "Technique": "Milled",
            "Orientation": "Medalalignment\u2191\u2191",
            "Number": "N#\u202f1571Numistatypenumber(https://en.numista.com/help/what-is-the-n-number-visible-in-the-catalogue-33.html)",
            "References": "KM#\u202f802TracyL.Schmidt(editor);2019.StandardCatalogofWorldCoins/2001-Date(14thedition).KrausePublications,StevensPoint,Wisconsin,UnitedStates.And5morevolumes.",
            "Design date": "N/A",
            "Period": "N/A",
            "Design": "N/A",
            "Designer": "N/A",
            "Edge": "N/A",
            "Mass": "N/A"
        }
    },
    "30": {
        "name": "5 Pesos,Chilean Peso,chile",
        "description": "Crowned bust of Queen Elizabeth II facing right",
        "basic_info": {
            "Issuer": "HongKong(China)",
            "Queen": "ElizabethII(1952-1997)",
            "Type": "Standardcirculationcoin",
            "Years": "1958-1970",
            "Value": "50Cents(0.5HKD)",
            "Currency": "Dollar(1863-date)",
            "Composition": "Copper-nickel",
            "Weight": "5.8500g",
            "Diameter": "23.5mm",
            "Thickness": "1.82mm",
            "Shape": "Round",
            "Technique": "Milled",
            "Orientation": "Medalalignment\u2191\u2191",
            "Demonetized": "Yes",
            "Number": "N#\u202f1572Numistatypenumber(https://en.numista.com/help/what-is-the-n-number-visible-in-the-catalogue-33.html)",
            "References": "KM#\u202f30,TracyL.Schmidt(editor);2019.StandardCatalogofWorldCoins/2001-Date(14thedition).KrausePublications,StevensPoint,Wisconsin,UnitedStates.And5morevolumes.Sch\u00f6n#\u202f21.1GerhardSch\u00f6n;2022.Weltm\u00fcnzkatalog/20.Jahrhundert:1901-2000(47.Auflage).BattenbergGietlVerlag,Regenstauf,Germany.And2morevolumes.",
            "Design date": "N/A",
            "Period": "N/A",
            "Design": "N/A",
            "Designer": "N/A",
            "Edge": "N/A",
            "Mass": "N/A"
        }
    },
    "31": {
        "name": "10 Pesos,Chilean Peso,chile",
        "description": "Crowned bust facing right",
        "basic_info": {
            "Issuer": "HongKong(China)",
            "Queen": "ElizabethII(1952-1997)",
            "Type": "Standardcirculationcoin",
            "Years": "1975-1983",
            "Value": "20Cents0.2HKD=USD0.025",
            "Currency": "Dollar(1863-date)",
            "Composition": "Nickelbrass(79%Copper,20%Zinc,1%Nickel)",
            "Weight": "2.6g",
            "Diameter": "19mm",
            "Thickness": "1.37mm",
            "Shape": "Scalloped(with12notches)",
            "Technique": "Milled",
            "Orientation": "Medalalignment\u2191\u2191",
            "Number": "N#\u202f1573Numistatypenumber(https://en.numista.com/help/what-is-the-n-number-visible-in-the-catalogue-33.html)",
            "References": "KM#\u202f36,TracyL.Schmidt(editor);2019.StandardCatalogofWorldCoins/2001-Date(14thedition).KrausePublications,StevensPoint,Wisconsin,UnitedStates.And5morevolumes.Sch\u00f6n#\u202f24GerhardSch\u00f6n;2022.Weltm\u00fcnzkatalog/20.Jahrhundert:1901-2000(47.Auflage).BattenbergGietlVerlag,Regenstauf,Germany.And2morevolumes.",
            "Design date": "N/A",
            "Period": "N/A",
            "Design": "N/A",
            "Designer": "N/A",
            "Edge": "N/A",
            "Mass": "N/A"
        }
    },
    "32": {
        "name": "50 Pesos,Chilean Peso,chile",
        "description": "Crowned bust of Elizabeth II facing right",
        "basic_info": {
            "Issuer": "HongKong(China)",
            "Queen": "ElizabethII(1952-1997)",
            "Type": "Standardcirculationcoin",
            "Years": "1955-1968",
            "Value": "10Cents(0.10HKD)",
            "Currency": "Dollar(1863-date)",
            "Composition": "Nickelbrass",
            "Weight": "4.54g",
            "Diameter": "20.57mm",
            "Thickness": "1.85mm",
            "Shape": "Round",
            "Technique": "Milled",
            "Orientation": "Medalalignment\u2191\u2191",
            "Demonetized": "31December1988",
            "Number": "N#\u202f1574Numistatypenumber(https://en.numista.com/help/what-is-the-n-number-visible-in-the-catalogue-33.html)",
            "References": "KM#\u202f28.1,TracyL.Schmidt(editor);2019.StandardCatalogofWorldCoins/2001-Date(14thedition).KrausePublications,StevensPoint,Wisconsin,UnitedStates.And5morevolumes.Sch\u00f6n#\u202f20GerhardSch\u00f6n;2022.Weltm\u00fcnzkatalog/20.Jahrhundert:1901-2000(47.Auflage).BattenbergGietlVerlag,Regenstauf,Germany.And2morevolumes.",
            "Design date": "N/A",
            "Period": "N/A",
            "Design": "N/A",
            "Designer": "N/A",
            "Edge": "N/A",
            "Mass": "N/A"
        }
    },
    "33": {
        "name": "100 Pesos,Chilean Peso,chile",
        "description": "Head left, date below, revised bust and legend style.",
        "basic_info": {
            "Issuer": "Chile",
            "Period": "Republic(1818-date)",
            "Type": "Standardcirculationcoin",
            "Years": "1932-1980",
            "Value": "100Pesos",
            "Currency": "Oldpeso(1835-1980)",
            "Composition": "Gold(.900)",
            "Weight": "20.3397g",
            "Diameter": "31mm",
            "Shape": "Round",
            "Technique": "Milled",
            "Orientation": "Coinalignment\u2191\u2193",
            "Demonetized": "Yes",
            "Number": "N#\u202f34941Numistatypenumber(https://en.numista.com/help/what-is-the-n-number-visible-in-the-catalogue-33.html)",
            "References": "KM#\u202f175TracyL.Schmidt(editor);2019.StandardCatalogofWorldCoins/2001-Date(14thedition).KrausePublications,StevensPoint,Wisconsin,UnitedStates.And5morevolumes.",
            "Design date": "N/A",
            "Design": "N/A",
            "Thickness": "N/A",
            "Designer": "N/A",
            "Edge": "N/A",
            "Mass": "N/A"
        }
    },
    "34": {
        "name": "500 Pesos,Chilean Peso,chile",
        "description": "Portrait of Cardinal Ra\u00fal Silva Henr\u00edquez with the mintmark right of the head, engraver's signature in the right side of the bust (if present).",
        "basic_info": {
            "Issuer": "Chile",
            "Period": "Republic(1818-date)",
            "Type": "Standardcirculationcoin",
            "Years": "2000-2022",
            "Value": "500Pesos500CLP=USD0.62",
            "Currency": "Newpeso(1975-date)",
            "Composition": "Bimetallic:copper-aluminiumcentreinnickelbrassring(Core:95%Copper,5%Aluminum.Ring:70%Copper,15%Nickel,15%Zinc)",
            "Weight": "6.5g",
            "Diameter": "26mm",
            "Thickness": "1.55mm",
            "Shape": "Round",
            "Technique": "Milled",
            "Orientation": "Coinalignment\u2191\u2193",
            "Number": "N#\u202f2722Numistatypenumber(https://en.numista.com/help/what-is-the-n-number-visible-in-the-catalogue-33.html)",
            "References": "KM#\u202f235,TracyL.Schmidt(editor);2019.StandardCatalogofWorldCoins/2001-Date(14thedition).KrausePublications,StevensPoint,Wisconsin,UnitedStates.And5morevolumes.Sch\u00f6n#\u202f86GerhardSch\u00f6n;2022.Weltm\u00fcnzkatalog/20.Jahrhundert:1901-2000(47.Auflage).BattenbergGietlVerlag,Regenstauf,Germany.And2morevolumes.",
            "Design date": "N/A",
            "Design": "N/A",
            "Designer": "N/A",
            "Edge": "N/A",
            "Mass": "N/A"
        }
    },
    "35": {
        "name": "1 Jiao,Chinese Yuan Renminbi,china",
        "description": "Two men in ethnic dress facing right on the left.\nDesign with \u58f9\u89d2 on the right.\nDenomination in arabic numerals (1) in bottom corners.",
        "basic_info": {
            "Issuer": "People'sRepublicofChina",
            "Period": "People'sRepublic(1949-date)",
            "Type": "Standardbanknote",
            "Year": "1980",
            "Value": "1Jiao(0.10CNY)",
            "Currency": "SecondR\u00e9nm\u00ednb\u00ec(1955-date)",
            "Composition": "Paper",
            "Size": "115\u00d752mm",
            "Shape": "Rectangular",
            "Demonetized": "1May2019",
            "Number": "N#\u202f202068Numistatypenumber(https://en.numista.com/help/what-is-the-n-number-visible-in-the-catalogue-33.html)",
            "References": "P#\u202f881TracyL.Schmidt(editor);2019.StandardCatalogofWorldPaperMoney.Modernissues1961-present(25thedition).KrausePublications,Iola,Wisconsin,UnitedStates.And2morevolumes.",
            "Design date": "N/A",
            "Years": "N/A",
            "Diameter": "N/A",
            "Orientation": "N/A",
            "Weight": "N/A",
            "Design": "N/A",
            "Thickness": "N/A",
            "Designer": "N/A",
            "Edge": "N/A",
            "Technique": "N/A",
            "Mass": "N/A"
        }
    },
    "36": {
        "name": "5 Jiao,Chinese Yuan Renminbi,china",
        "description": "Lotus flower, and the issuer name above",
        "basic_info": {
            "Issuer": "People'sRepublicofChina",
            "Period": "People'sRepublic(1949-date)",
            "Type": "Standardcirculationcoin",
            "Years": "2000-2018",
            "Value": "5Jiao0.5CNY=USD0.07",
            "Currency": "SecondR\u00e9nm\u00ednb\u00ec(1955-date)",
            "Composition": "Brassplatedsteel",
            "Weight": "3.8g",
            "Diameter": "20.5mm",
            "Thickness": "1.69mm",
            "Shape": "Round",
            "Technique": "Milled",
            "Orientation": "Medalalignment\u2191\u2191",
            "Number": "N#\u202f1222Numistatypenumber(https://en.numista.com/help/what-is-the-n-number-visible-in-the-catalogue-33.html)",
            "References": "KM#\u202f1411,TracyL.Schmidt(editor);2019.StandardCatalogofWorldCoins/2001-Date(14thedition).KrausePublications,StevensPoint,Wisconsin,UnitedStates.And5morevolumes.Sch\u00f6n#\u202f1104,GerhardSch\u00f6n;2022.Weltm\u00fcnzkatalog/20.Jahrhundert:1901-2000(47.Auflage).BattenbergGietlVerlag,Regenstauf,Germany.And2morevolumes.Y#\u202f1106RichardS.Yeoman,ArthurL.Friedberg;2007.ACatalogofModernWorldCoins:1850-1964(14thedition).WhitmanPublishingCompany,Atlanta,UnitedStates.And1morevolumes.",
            "Design date": "N/A",
            "Design": "N/A",
            "Designer": "N/A",
            "Edge": "N/A",
            "Mass": "N/A"
        }
    },
    "37": {
        "name": "1 Yuan,Chinese Yuan Renminbi,china",
        "description": "Chrysanthemum blossom and the issuer name in Pinyin above",
        "basic_info": {
            "Issuer": "People'sRepublicofChina",
            "Period": "People'sRepublic(1949-date)",
            "Type": "Standardcirculationcoin",
            "Years": "1999-2019",
            "Value": "1Yuan1CNY=USD0.14",
            "Currency": "SecondR\u00e9nm\u00ednb\u00ec(1955-date)",
            "Composition": "Nickelplatedsteel",
            "Weight": "6.1g",
            "Diameter": "25mm",
            "Thickness": "1.85mm",
            "Shape": "Round",
            "Technique": "Milled",
            "Orientation": "Medalalignment\u2191\u2191",
            "Number": "N#\u202f1588Numistatypenumber(https://en.numista.com/help/what-is-the-n-number-visible-in-the-catalogue-33.html)",
            "References": "KM#\u202f1212,TracyL.Schmidt(editor);2019.StandardCatalogofWorldCoins/2001-Date(14thedition).KrausePublications,StevensPoint,Wisconsin,UnitedStates.And5morevolumes.Sch\u00f6n#\u202f1105,GerhardSch\u00f6n;2022.Weltm\u00fcnzkatalog/20.Jahrhundert:1901-2000(47.Auflage).BattenbergGietlVerlag,Regenstauf,Germany.And2morevolumes.Y#\u202f1069RichardS.Yeoman,ArthurL.Friedberg;2007.ACatalogofModernWorldCoins:1850-1964(14thedition).WhitmanPublishingCompany,Atlanta,UnitedStates.And1morevolumes.",
            "Design date": "N/A",
            "Design": "N/A",
            "Designer": "N/A",
            "Edge": "N/A",
            "Mass": "N/A"
        }
    },
    "38": {
        "name": "10 Hellers,Czech Koruna,czech_republic",
        "description": "Czech lion with socialistic shield and the date below.",
        "basic_info": {
            "Issuer": "Czechoslovakia",
            "Period": "SocialistRepublic(1960-1990)",
            "Type": "Standardcirculationcoin",
            "Years": "1961-1971",
            "Value": "10Hal\u00e9\u0159\u016f/Halierov(0.10CSK)",
            "Currency": "Koruna(1953-1992)",
            "Composition": "Aluminium",
            "Weight": "1.2g",
            "Diameter": "22mm",
            "Thickness": "1.2mm",
            "Shape": "Round",
            "Technique": "Milled",
            "Orientation": "Medalalignment\u2191\u2191",
            "Demonetized": "31December1977",
            "Number": "N#\u202f2645Numistatypenumber(https://en.numista.com/help/what-is-the-n-number-visible-in-the-catalogue-33.html)",
            "References": "KM#\u202f49,TracyL.Schmidt(editor);2019.StandardCatalogofWorldCoins/2001-Date(14thedition).KrausePublications,StevensPoint,Wisconsin,UnitedStates.And5morevolumes.Sch\u00f6n#\u202f56GerhardSch\u00f6n;2022.Weltm\u00fcnzkatalog/20.Jahrhundert:1901-2000(47.Auflage).BattenbergGietlVerlag,Regenstauf,Germany.And2morevolumes.",
            "Design date": "N/A",
            "Design": "N/A",
            "Designer": "N/A",
            "Edge": "N/A",
            "Mass": "N/A"
        }
    },
    "39": {
        "name": "20 Hellers,Czech Koruna,czech_republic",
        "description": "Czech lion walking left on two legs, bearing a Slovak shield and the date below",
        "basic_info": {
            "Issuer": "Czechoslovakia",
            "Period": "FirstRepublic(1918-1938)",
            "Type": "Standardcirculationcoin",
            "Years": "1921-1938",
            "Value": "20Hal\u00e9\u0159\u016f/Halierov(0.20)",
            "Currency": "Koruna(1919-1939)",
            "Composition": "Copper-nickel",
            "Weight": "3.3g",
            "Diameter": "20mm",
            "Thickness": "1.4mm",
            "Shape": "Round",
            "Technique": "Milled",
            "Orientation": "Medalalignment\u2191\u2191",
            "Demonetized": "30September1941",
            "Number": "N#\u202f657Numistatypenumber(https://en.numista.com/help/what-is-the-n-number-visible-in-the-catalogue-33.html)",
            "References": "KM#\u202f1,TracyL.Schmidt(editor);2019.StandardCatalogofWorldCoins/2001-Date(14thedition).KrausePublications,StevensPoint,Wisconsin,UnitedStates.And5morevolumes.Sch\u00f6n#\u202f4GerhardSch\u00f6n;2022.Weltm\u00fcnzkatalog/20.Jahrhundert:1901-2000(47.Auflage).BattenbergGietlVerlag,Regenstauf,Germany.And2morevolumes.",
            "Design date": "N/A",
            "Design": "N/A",
            "Designer": "N/A",
            "Edge": "N/A",
            "Mass": "N/A"
        }
    },
    "40": {
        "name": "50 Hellers,Czech Koruna,czech_republic",
        "description": "Crowned Czech lion facing left and the date below",
        "basic_info": {
            "Issuer": "CzechRepublic",
            "Period": "Republic(1993-date)",
            "Type": "Standardcirculationcoin",
            "Years": "1993-2008",
            "Value": "50Hal\u00e9\u0159\u016f(0.5CZK)",
            "Currency": "Koruna(1993-date)",
            "Composition": "Aluminium",
            "Weight": "0.9g",
            "Diameter": "19mm",
            "Thickness": "1.7mm",
            "Shape": "Round",
            "Technique": "Milled",
            "Orientation": "Medalalignment\u2191\u2191",
            "Demonetized": "31August2008",
            "Number": "N#\u202f2156Numistatypenumber(https://en.numista.com/help/what-is-the-n-number-visible-in-the-catalogue-33.html)",
            "References": "KM#\u202f3,TracyL.Schmidt(editor);2019.StandardCatalogofWorldCoins/2001-Date(14thedition).KrausePublications,StevensPoint,Wisconsin,UnitedStates.And5morevolumes.Sch\u00f6n#\u202f174GerhardSch\u00f6n;2022.Weltm\u00fcnzkatalog/20.Jahrhundert:1901-2000(47.Auflage).BattenbergGietlVerlag,Regenstauf,Germany.And2morevolumes.",
            "Design date": "N/A",
            "Design": "N/A",
            "Designer": "N/A",
            "Edge": "N/A",
            "Mass": "N/A"
        }
    },
    "41": {
        "name": "1 Koruna,Czech Koruna,czech_republic",
        "description": "The Czech lion, mintmark between legs of the lion.",
        "basic_info": {
            "Issuer": "CzechRepublic",
            "Period": "Republic(1993-date)",
            "Type": "Standardcirculationcoin",
            "Years": "1993-2023",
            "Value": "1Koruna1CZK=USD0.045",
            "Currency": "Koruna(1993-date)",
            "Composition": "Nickelplatedsteel",
            "Weight": "3.6g",
            "Diameter": "20mm",
            "Thickness": "1.85mm",
            "Shape": "Round",
            "Technique": "Milled",
            "Orientation": "Medalalignment\u2191\u2191",
            "Number": "N#\u202f2150Numistatypenumber(https://en.numista.com/help/what-is-the-n-number-visible-in-the-catalogue-33.html)",
            "References": "KM#\u202f7,TracyL.Schmidt(editor);2019.StandardCatalogofWorldCoins/2001-Date(14thedition).KrausePublications,StevensPoint,Wisconsin,UnitedStates.And5morevolumes.Sch\u00f6n#\u202f175GerhardSch\u00f6n;2022.Weltm\u00fcnzkatalog/20.Jahrhundert:1901-2000(47.Auflage).BattenbergGietlVerlag,Regenstauf,Germany.And2morevolumes.",
            "Design date": "N/A",
            "Design": "N/A",
            "Designer": "N/A",
            "Edge": "N/A",
            "Mass": "N/A"
        }
    },
    "42": {
        "name": "2 Koruny,Czech Koruna,czech_republic",
        "description": "Crowned Czech lion, mintmark, year of production.",
        "basic_info": {
            "Issuer": "CzechRepublic",
            "Period": "Republic(1993-date)",
            "Type": "Standardcirculationcoin",
            "Years": "1993-2023",
            "Value": "2Koruny2CZK=USD0.09",
            "Currency": "Koruna(1993-date)",
            "Composition": "Nickelplatedsteel",
            "Weight": "3.7g",
            "Diameter": "21.5mm",
            "Thickness": "1.85mm",
            "Shape": "Hendecagonal(11-sided)",
            "Technique": "Milled",
            "Orientation": "Medalalignment\u2191\u2191",
            "Number": "N#\u202f2155Numistatypenumber(https://en.numista.com/help/what-is-the-n-number-visible-in-the-catalogue-33.html)",
            "References": "KM#\u202f9,TracyL.Schmidt(editor);2019.StandardCatalogofWorldCoins/2001-Date(14thedition).KrausePublications,StevensPoint,Wisconsin,UnitedStates.And5morevolumes.Sch\u00f6n#\u202f176GerhardSch\u00f6n;2022.Weltm\u00fcnzkatalog/20.Jahrhundert:1901-2000(47.Auflage).BattenbergGietlVerlag,Regenstauf,Germany.And2morevolumes.",
            "Design date": "N/A",
            "Design": "N/A",
            "Designer": "N/A",
            "Edge": "N/A",
            "Mass": "N/A"
        }
    },
    "43": {
        "name": "5 Koruny,Czech Koruna,czech_republic",
        "description": "Czech Lion, state name '\u010cESK\u00c1 REPUBLIKA', and year of issue and mintmark below",
        "basic_info": {
            "Issuer": "CzechRepublic",
            "Period": "Republic(1993-date)",
            "Type": "Standardcirculationcoin",
            "Years": "1993-2023",
            "Value": "5Korun5CZK=USD0.23",
            "Currency": "Koruna(1993-date)",
            "Composition": "Nickelplatedsteel",
            "Weight": "4.80g",
            "Diameter": "23.00mm",
            "Thickness": "1.85mm",
            "Shape": "Round",
            "Technique": "Milled",
            "Orientation": "Medalalignment\u2191\u2191",
            "Number": "N#\u202f2149Numistatypenumber(https://en.numista.com/help/what-is-the-n-number-visible-in-the-catalogue-33.html)",
            "References": "KM#\u202f8,TracyL.Schmidt(editor);2019.StandardCatalogofWorldCoins/2001-Date(14thedition).KrausePublications,StevensPoint,Wisconsin,UnitedStates.And5morevolumes.Sch\u00f6n#\u202f177GerhardSch\u00f6n;2022.Weltm\u00fcnzkatalog/20.Jahrhundert:1901-2000(47.Auflage).BattenbergGietlVerlag,Regenstauf,Germany.And2morevolumes.",
            "Design date": "N/A",
            "Design": "N/A",
            "Designer": "N/A",
            "Edge": "N/A",
            "Mass": "N/A"
        }
    },
    "44": {
        "name": "10 Koruny,Czech Koruna,czech_republic",
        "description": "Crowned Czech lion, year of production, mintmark.",
        "basic_info": {
            "Issuer": "CzechRepublic",
            "Period": "Republic(1993-date)",
            "Type": "Standardcirculationcoin",
            "Years": "1993-2023",
            "Value": "10Korun10CZK=USD0.45",
            "Currency": "Koruna(1993-date)",
            "Composition": "Copperplatedsteel",
            "Weight": "7.62g",
            "Diameter": "24.5mm",
            "Thickness": "2.55mm",
            "Shape": "Round",
            "Technique": "Milled",
            "Orientation": "Medalalignment\u2191\u2191",
            "Number": "N#\u202f2152Numistatypenumber(https://en.numista.com/help/what-is-the-n-number-visible-in-the-catalogue-33.html)",
            "References": "KM#\u202f4,TracyL.Schmidt(editor);2019.StandardCatalogofWorldCoins/2001-Date(14thedition).KrausePublications,StevensPoint,Wisconsin,UnitedStates.And5morevolumes.Sch\u00f6n#\u202f178GerhardSch\u00f6n;2022.Weltm\u00fcnzkatalog/20.Jahrhundert:1901-2000(47.Auflage).BattenbergGietlVerlag,Regenstauf,Germany.And2morevolumes.",
            "Design date": "N/A",
            "Design": "N/A",
            "Designer": "N/A",
            "Edge": "N/A",
            "Mass": "N/A"
        }
    },
    "45": {
        "name": "20 Koruny,Czech Koruna,czech_republic",
        "description": "Crowned Czech Lion facing left, date and mintmark below.",
        "basic_info": {
            "Issuer": "CzechRepublic",
            "Period": "Republic(1993-date)",
            "Type": "Standardcirculationcoin",
            "Years": "1993-2023",
            "Value": "20Korun20CZK=USD0.90",
            "Currency": "Koruna(1993-date)",
            "Composition": "Brassplatedsteel",
            "Weight": "8.49g",
            "Diameter": "26mm",
            "Thickness": "2.55mm",
            "Shape": "Tridecagonal(13-sided)",
            "Technique": "Milled",
            "Orientation": "Medalalignment\u2191\u2191",
            "Number": "N#\u202f2148Numistatypenumber(https://en.numista.com/help/what-is-the-n-number-visible-in-the-catalogue-33.html)",
            "References": "KM#\u202f5,TracyL.Schmidt(editor);2019.StandardCatalogofWorldCoins/2001-Date(14thedition).KrausePublications,StevensPoint,Wisconsin,UnitedStates.And5morevolumes.Sch\u00f6n#\u202f179GerhardSch\u00f6n;2022.Weltm\u00fcnzkatalog/20.Jahrhundert:1901-2000(47.Auflage).BattenbergGietlVerlag,Regenstauf,Germany.And2morevolumes.",
            "Design date": "N/A",
            "Design": "N/A",
            "Designer": "N/A",
            "Edge": "N/A",
            "Mass": "N/A"
        }
    },
    "46": {
        "name": "50 Koruny,Czech Koruna,czech_republic",
        "description": "Crowned Czech lion, mint mark and date in the center",
        "basic_info": {
            "Issuer": "CzechRepublic",
            "Period": "Republic(1993-date)",
            "Type": "Standardcirculationcoin",
            "Years": "1993-2023",
            "Value": "50Korun50CZK=USD2.26",
            "Currency": "Koruna(1993-date)",
            "Composition": "Bimetallic:brassplatedsteelcentreincopperplatedsteelring",
            "Weight": "9.7g",
            "Diameter": "27.5mm",
            "Thickness": "2.55mm",
            "Shape": "Round",
            "Technique": "Milled",
            "Orientation": "Medalalignment\u2191\u2191",
            "Number": "N#\u202f3968Numistatypenumber(https://en.numista.com/help/what-is-the-n-number-visible-in-the-catalogue-33.html)",
            "References": "KM#\u202f1,TracyL.Schmidt(editor);2019.StandardCatalogofWorldCoins/2001-Date(14thedition).KrausePublications,StevensPoint,Wisconsin,UnitedStates.And5morevolumes.Sch\u00f6n#\u202f180GerhardSch\u00f6n;2022.Weltm\u00fcnzkatalog/20.Jahrhundert:1901-2000(47.Auflage).BattenbergGietlVerlag,Regenstauf,Germany.And2morevolumes.",
            "Design date": "N/A",
            "Design": "N/A",
            "Designer": "N/A",
            "Edge": "N/A",
            "Mass": "N/A"
        }
    },
    "47": {
        "name": "25 Ore,Danish Krone,denmark",
        "description": "The denomination was first introduced on the decimalisation of the currency in 1874 as a 0.600 silver coin.[1] It measured 17mm in diameter and 1.3mm in thickness, weighing 2.42g.[2] Its obverse featured the portrait of King Christian IX of Denmark and the script KONGE AF DANMARK (King of Denmark). The reverse featured the denomination and two dolphins. The last minting of this coin was 1905.",
        "basic_info": {
            "Value": "0.25 Danish Krone",
            "Mass": "2.8\u00a0g",
            "Diameter": "17.5\u00a0mm",
            "Thickness": "1.55\u00a0mm",
            "Edge": "Smooth",
            "Orientation": "Medallic",
            "Composition": "97% Copper, 2.5% Zinc & 0.5% Tin",
            "Years": "1874\u00a0(1874)\u20132008\u00a0(2008)",
            "Circulation": "29 January 1991 \u00a0\u2013  1 October 2008",
            "Design": "Country-designation. Crown, year of minting",
            "Designer": "N/A",
            "Issuer": "N/A",
            "Design date": "N/A",
            "Period": "N/A",
            "Number": "N/A",
            "Weight": "N/A",
            "References": "N/A",
            "Type": "N/A",
            "Shape": "N/A",
            "Technique": "N/A",
            "Currency": "N/A"
        }
    },
    "48": {
        "name": "50 Ore,Danish Krone,denmark",
        "description": "The design is almost identical to the 25 \u00f8re coin issued in 1991, the only differences being the face value of the coin and the size.[1]",
        "basic_info": {
            "Value": "0.50 Danish Krone",
            "Mass": "4.3\u00a0g",
            "Diameter": "21.5\u00a0mm",
            "Thickness": "1.55\u00a0mm",
            "Edge": "smooth",
            "Orientation": "Medallic",
            "Composition": "97% Copper, 2.5% Zinc & 0.5% Tin",
            "Years": "N/A",
            "Mintage": "N/A",
            "Circulation": "3 July 1989 \u00a0\u2013  present",
            "Design": "Country-designation. Crown, year of minting",
            "Designer": "N/A",
            "Issuer": "N/A",
            "Design date": "N/A",
            "Period": "N/A",
            "Number": "N/A",
            "Weight": "N/A",
            "References": "N/A",
            "Type": "N/A",
            "Shape": "N/A",
            "Technique": "N/A",
            "Currency": "N/A"
        }
    },
    "49": {
        "name": "1 Krone,Danish Krone,denmark",
        "description": "Portrait of Christian IX facing right",
        "basic_info": {
            "Issuer": "Denmark",
            "King": "ChristianIX(1863-1906)",
            "Type": "Standardcirculationcoin",
            "Years": "1875-1898",
            "Value": "1Krone1DKK=USD0.14",
            "Currency": "Krone(1873-date)",
            "Composition": "Silver(.800)",
            "Weight": "7.5g",
            "Diameter": "25mm",
            "Shape": "Round",
            "Technique": "Milled",
            "Orientation": "Medalalignment\u2191\u2191",
            "Number": "N#\u202f18141Numistatypenumber(https://en.numista.com/help/what-is-the-n-number-visible-in-the-catalogue-33.html)",
            "References": "KM#\u202f797TracyL.Schmidt(editor);2019.StandardCatalogofWorldCoins/2001-Date(14thedition).KrausePublications,StevensPoint,Wisconsin,UnitedStates.And5morevolumes.",
            "Design date": "N/A",
            "Period": "N/A",
            "Design": "N/A",
            "Thickness": "N/A",
            "Designer": "N/A",
            "Edge": "N/A",
            "Mass": "N/A"
        }
    },
    "50": {
        "name": "2 Kroner,Danish Krone,denmark",
        "description": "The new royal monogram of Margarethe II, showing three times between three crowns",
        "basic_info": {
            "Issuer": "Denmark",
            "Queen": "MargretheII(1972-date)",
            "Type": "Standardcirculationcoin",
            "Years": "1992-2022",
            "Value": "2Kroner2DKK=USD0.29",
            "Currency": "Krone(1873-date)",
            "Composition": "Copper-nickel",
            "Weight": "5.9g",
            "Diameter": "24.5mm",
            "Thickness": "1.8mm",
            "Shape": "Roundwitharoundhole",
            "Technique": "Milled",
            "Orientation": "Medalalignment\u2191\u2191",
            "Number": "N#\u202f1419Numistatypenumber(https://en.numista.com/help/what-is-the-n-number-visible-in-the-catalogue-33.html)",
            "References": "KM#\u202f874,TracyL.Schmidt(editor);2019.StandardCatalogofWorldCoins/2001-Date(14thedition).KrausePublications,StevensPoint,Wisconsin,UnitedStates.And5morevolumes.Sch\u00f6n#\u202f87GerhardSch\u00f6n;2022.Weltm\u00fcnzkatalog/20.Jahrhundert:1901-2000(47.Auflage).BattenbergGietlVerlag,Regenstauf,Germany.And2morevolumes.",
            "Design date": "N/A",
            "Period": "N/A",
            "Design": "N/A",
            "Designer": "N/A",
            "Edge": "N/A",
            "Mass": "N/A"
        }
    },
    "51": {
        "name": "5 Kroner,Danish Krone,denmark",
        "description": "New royal monogram, shown thrice between the royal crowns, with two hearts of the Royal Mint atop, date below.",
        "basic_info": {
            "Issuer": "Denmark",
            "Queen": "MargretheII(1972-date)",
            "Type": "Standardcirculationcoin",
            "Years": "1990-2022",
            "Value": "5Kroner5DKK=USD0.71",
            "Currency": "Krone(1873-date)",
            "Composition": "Copper-nickel",
            "Weight": "9.2g",
            "Diameter": "28.5mm",
            "Thickness": "2mm",
            "Shape": "Roundwitharoundhole",
            "Technique": "Milled",
            "Orientation": "Medalalignment\u2191\u2191",
            "Number": "N#\u202f1422Numistatypenumber(https://en.numista.com/help/what-is-the-n-number-visible-in-the-catalogue-33.html)",
            "References": "KM#\u202f869,TracyL.Schmidt(editor);2019.StandardCatalogofWorldCoins/2001-Date(14thedition).KrausePublications,StevensPoint,Wisconsin,UnitedStates.And5morevolumes.Sch\u00f6n#\u202f88GerhardSch\u00f6n;2022.Weltm\u00fcnzkatalog/20.Jahrhundert:1901-2000(47.Auflage).BattenbergGietlVerlag,Regenstauf,Germany.And2morevolumes.",
            "Design date": "N/A",
            "Period": "N/A",
            "Design": "N/A",
            "Designer": "N/A",
            "Edge": "N/A",
            "Mass": "N/A"
        }
    },
    "52": {
        "name": "10 Kroner,Danish Krone,denmark",
        "description": "Head right with tiara, mint mark and initials B-B (KM#864.1) or R-B (KM#864.2)  below",
        "basic_info": {
            "Issuer": "Denmark",
            "Queen": "MargretheII(1972-date)",
            "Type": "Standardcirculationcoin",
            "Years": "1979-1988",
            "Value": "10Kroner10DKK=USD1.43",
            "Currency": "Krone(1873-date)",
            "Composition": "Copper-nickel",
            "Weight": "12.5g",
            "Diameter": "28mm",
            "Thickness": "2.5mm",
            "Shape": "Round",
            "Technique": "Milled",
            "Orientation": "Medalalignment\u2191\u2191",
            "Number": "N#\u202f2379Numistatypenumber(https://en.numista.com/help/what-is-the-n-number-visible-in-the-catalogue-33.html)",
            "References": "KM#\u202f864,TracyL.Schmidt(editor);2019.StandardCatalogofWorldCoins/2001-Date(14thedition).KrausePublications,StevensPoint,Wisconsin,UnitedStates.And5morevolumes.Sch\u00f6n#\u202f82GerhardSch\u00f6n;2022.Weltm\u00fcnzkatalog/20.Jahrhundert:1901-2000(47.Auflage).BattenbergGietlVerlag,Regenstauf,Germany.And2morevolumes.",
            "Design date": "N/A",
            "Period": "N/A",
            "Design": "N/A",
            "Designer": "N/A",
            "Edge": "N/A",
            "Mass": "N/A"
        }
    },
    "53": {
        "name": "20 Kroner,Danish Krone,denmark",
        "description": "Head right",
        "basic_info": {
            "Issuer": "Denmark",
            "King": "ChristianIX(1863-1906)",
            "Type": "Standardcirculationcoin",
            "Years": "1873-1900",
            "Value": "20Kroner20DKK=USD2.85",
            "Currency": "Krone(1873-date)",
            "Composition": "Gold(.900)",
            "Weight": "8.9606g",
            "Diameter": "23mm",
            "Shape": "Round",
            "Technique": "Milled",
            "Orientation": "Medalalignment\u2191\u2191",
            "Number": "N#\u202f41928Numistatypenumber(https://en.numista.com/help/what-is-the-n-number-visible-in-the-catalogue-33.html)",
            "References": "KM#\u202f791TracyL.Schmidt(editor);2019.StandardCatalogofWorldCoins/2001-Date(14thedition).KrausePublications,StevensPoint,Wisconsin,UnitedStates.And5morevolumes.",
            "Design date": "N/A",
            "Period": "N/A",
            "Design": "N/A",
            "Thickness": "N/A",
            "Designer": "N/A",
            "Edge": "N/A",
            "Mass": "N/A"
        }
    },
    "54": {
        "name": "1 euro Cent,Euro,spain",
        "description": "The 1 euro cent coin (\u20ac0.01) has a value of one hundredth of a euro and is composed of copper-covered steel. It is the lowest-value coin in the Eurozone, the next highest are the 2 and 5 euro cent coins. The coins of every Euro country have a common reverse and each has a country-specific (national) obverse. The coin has been used since 2002 and was not redesigned in 2007 as was the case with the higher-value coins.",
        "basic_info": {
            "Value": "0.01 euro",
            "Mass": "2.30\u00a0g",
            "Diameter": "16.25\u00a0mm",
            "Thickness": "1.67\u00a0mm",
            "Edge": "Smooth",
            "Composition": "Copper-covered steel",
            "Years": "Since 1999",
            "Design": "Globe with the EU-15 highlighted next to the denomination shown in Latin characters",
            "Designer": "Luc Luycx",
            "Design date": "1999",
            "Issuer": "N/A",
            "Period": "N/A",
            "Weight": "N/A",
            "Number": "N/A",
            "Orientation": "N/A",
            "References": "N/A",
            "Type": "N/A",
            "Shape": "N/A",
            "Technique": "N/A",
            "Currency": "N/A"
        }
    },
    "55": {
        "name": "2 euro Cent,Euro,spain",
        "description": "The cathedral of Santiago de Compostela, a jewel of Spanish Romanesque architecture and one of the most famous pilgrimage destinations in the world, encircled with the country name, the royal monogram and the twelve stars of Europe around the rim",
        "basic_info": {
            "Issuer": "Spain",
            "King": "FelipeVI(2014-date)JuanCarlosI(1975-2014)",
            "Type": "Standardcirculationcoin",
            "Years": "2010-2023",
            "Value": "2EuroCent0.02EUR=USD0.021",
            "Currency": "Euro(2002-date)",
            "Composition": "Copperplatedsteel",
            "Weight": "3.06g",
            "Diameter": "18.75mm",
            "Thickness": "1.67mm",
            "Shape": "Round",
            "Technique": "Milled",
            "Orientation": "Medalalignment\u2191\u2191",
            "Number": "N#\u202f10857Numistatypenumber(https://en.numista.com/help/what-is-the-n-number-visible-in-the-catalogue-33.html)",
            "References": "KM#\u202f1145,TracyL.Schmidt(editor);2019.StandardCatalogofWorldCoins/2001-Date(14thedition).KrausePublications,StevensPoint,Wisconsin,UnitedStates.And5morevolumes.Sch\u00f6n#\u202f464GerhardSch\u00f6n;2022.Weltm\u00fcnzkatalog/20.Jahrhundert:1901-2000(47.Auflage).BattenbergGietlVerlag,Regenstauf,Germany.And2morevolumes.",
            "Design date": "N/A",
            "Period": "N/A",
            "Design": "N/A",
            "Designer": "N/A",
            "Edge": "N/A",
            "Mass": "N/A"
        }
    },
    "56": {
        "name": "5 euro Cent,Euro,spain",
        "description": "The 5 euro cent coin (\u20ac0.05) has a value of one twentieth of a euro and is composed of copper-covered steel. All coins have a common reverse and country-specific (national) obverse. The coin has been used since 2002 and was not re-designed in 2007 as was the case with the higher-value coins.",
        "basic_info": {
            "Value": "0.05 euro",
            "Mass": "3.92\u00a0g",
            "Diameter": "21.25\u00a0mm",
            "Thickness": "1.67\u00a0mm",
            "Edge": "Smooth",
            "Composition": "Copper-covered steel",
            "Years": "1999\u2013present",
            "Design": "Globe with the EU-15 highlighted next to the denomination shown in Latin characters",
            "Designer": "Luc Luycx",
            "Design date": "2002",
            "Issuer": "N/A",
            "Period": "N/A",
            "Weight": "N/A",
            "Number": "N/A",
            "Orientation": "N/A",
            "References": "N/A",
            "Type": "N/A",
            "Shape": "N/A",
            "Technique": "N/A",
            "Currency": "N/A"
        }
    },
    "57": {
        "name": "10 euro Cent,Euro,spain",
        "description": "A portrait of Miguel de Cervantes, the father of Spanish literature, is accompanied with his name, a quill, the lettering \"ESPA\u00d1A\" (Spain) and the royal monogram an is encircled by the twelve stars of Europe of whom five are bound by a band",
        "basic_info": {
            "Issuer": "Spain",
            "King": "JuanCarlosI(1975-2014)",
            "Type": "Standardcirculationcoin",
            "Years": "1999-2006",
            "Value": "10EuroCent0.1EUR=USD0.11",
            "Currency": "Euro(2002-date)",
            "Composition": "Nordicgold(89%Copper,5%Aluminium,5%Zinc,1%Tin)",
            "Weight": "4.1g",
            "Diameter": "19.75mm",
            "Thickness": "1.93mm",
            "Shape": "Round",
            "Technique": "Milled",
            "Orientation": "Medalalignment\u2191\u2191",
            "Number": "N#\u202f84Numistatypenumber(https://en.numista.com/help/what-is-the-n-number-visible-in-the-catalogue-33.html)",
            "References": "KM#\u202f1043,TracyL.Schmidt(editor);2019.StandardCatalogofWorldCoins/2001-Date(14thedition).KrausePublications,StevensPoint,Wisconsin,UnitedStates.And5morevolumes.Sch\u00f6n#\u202f335GerhardSch\u00f6n;2022.Weltm\u00fcnzkatalog/20.Jahrhundert:1901-2000(47.Auflage).BattenbergGietlVerlag,Regenstauf,Germany.And2morevolumes.",
            "Design date": "N/A",
            "Period": "N/A",
            "Design": "N/A",
            "Designer": "N/A",
            "Edge": "N/A",
            "Mass": "N/A"
        }
    },
    "58": {
        "name": "20 euro Cent,Euro,spain",
        "description": "The coin dates from 2002, when euro coins and banknotes were introduced in the 12 member eurozone and its related territories. The common side was designed by Luc Luycx, a Belgian artist who won a Europe-wide competition to design the new coins. The design of the 10 to 50 cent coins were intended to show separate states of the European Union (EU), as opposed to the one and two euro coins showing the 15 states as one and the 1 to 5 cent coins showing the EU's place in the world.",
        "basic_info": {
            "Value": "0.20 euro",
            "Mass": "5.74\u00a0g",
            "Diameter": "22.25\u00a0mm",
            "Thickness": "2.14\u00a0mm",
            "Edge": "plain but with seven broad indentations consistent with Spanish flower shape of the coin",
            "Composition": "Nordic Gold",
            "Years": "1999\n\u2013present",
            "Design": "Map of Europe with the denomination shown in Latin characters",
            "Designer": "Luc Luycx",
            "Design date": "2007",
            "Issuer": "N/A",
            "Period": "N/A",
            "Weight": "N/A",
            "Number": "N/A",
            "Orientation": "N/A",
            "References": "N/A",
            "Type": "N/A",
            "Shape": "N/A",
            "Technique": "N/A",
            "Currency": "N/A"
        }
    },
    "59": {
        "name": "50 euro Cent,Euro,spain",
        "description": "A portrait of Miguel de Cervantes, the father of Spanish literature, accompanied with his name, a quill, the country name, and the royal monogram an is encircled by the twelve stars of Europe of whom five are bound by a band",
        "basic_info": {
            "Issuer": "Spain",
            "King": "JuanCarlosI(1975-2014)",
            "Type": "Standardcirculationcoin",
            "Years": "2007-2009",
            "Value": "50EuroCent0.50EUR=USD0.53",
            "Currency": "Euro(2002-date)",
            "Composition": "Nordicgold(89%Copper,5%Aluminium,5%Zinc,1%Tin)",
            "Weight": "7.8g",
            "Diameter": "24.25mm",
            "Thickness": "2.38mm",
            "Shape": "Round",
            "Technique": "Milled",
            "Orientation": "Medalalignment\u2191\u2191",
            "Number": "N#\u202f6362Numistatypenumber(https://en.numista.com/help/what-is-the-n-number-visible-in-the-catalogue-33.html)",
            "References": "KM#\u202f1072,TracyL.Schmidt(editor);2019.StandardCatalogofWorldCoins/2001-Date(14thedition).KrausePublications,StevensPoint,Wisconsin,UnitedStates.And5morevolumes.Sch\u00f6n#\u202f411GerhardSch\u00f6n;2022.Weltm\u00fcnzkatalog/20.Jahrhundert:1901-2000(47.Auflage).BattenbergGietlVerlag,Regenstauf,Germany.And2morevolumes.",
            "Design date": "N/A",
            "Period": "N/A",
            "Design": "N/A",
            "Designer": "N/A",
            "Edge": "N/A",
            "Mass": "N/A"
        }
    },
    "60": {
        "name": "1 Euro,Euro,spain",
        "description": "A portrait of King Juan Carlos I is encircled by the lettering \"ESPA\u00d1A\" (Spain), the mintmark for the Madrid Mint and the twelve stars of Europe of which four are bound by a band",
        "basic_info": {
            "Issuer": "Spain",
            "King": "JuanCarlosI(1975-2014)",
            "Type": "Standardcirculationcoin",
            "Years": "1999-2006",
            "Value": "1Euro1EUR=USD1.06",
            "Currency": "Euro(2002-date)",
            "Composition": "Bimetallic:copper-nickelcladnickelcentreinnickelbrassring",
            "Weight": "7.5g",
            "Diameter": "23.25mm",
            "Thickness": "2.33mm",
            "Shape": "Round",
            "Technique": "Milled",
            "Orientation": "Medalalignment\u2191\u2191",
            "Number": "N#\u202f87Numistatypenumber(https://en.numista.com/help/what-is-the-n-number-visible-in-the-catalogue-33.html)",
            "References": "KM#\u202f1046,TracyL.Schmidt(editor);2019.StandardCatalogofWorldCoins/2001-Date(14thedition).KrausePublications,StevensPoint,Wisconsin,UnitedStates.And5morevolumes.Sch\u00f6n#\u202f338GerhardSch\u00f6n;2022.Weltm\u00fcnzkatalog/20.Jahrhundert:1901-2000(47.Auflage).BattenbergGietlVerlag,Regenstauf,Germany.And2morevolumes.",
            "Design date": "N/A",
            "Period": "N/A",
            "Design": "N/A",
            "Designer": "N/A",
            "Edge": "N/A",
            "Mass": "N/A"
        }
    },
    "61": {
        "name": "2 Euro,Euro,spain",
        "description": "The 2 euro coin (\u00e2\u201a\u00ac2) is the highest-value euro coin and has been used since the introduction of the euro (in its cash form) in 2002. The coin is used in 22 countries (with 20 legally adopting it) with a collective population of about 341\u00a0million.[1] The coin is made of two alloys: the inner part of nickel brass, the outer part of copper-nickel. All coins have a common reverse side and country-specific national sides. The coin has been used since 2002, with the present common side design dating from 2007.",
        "basic_info": {
            "Value": "2 euro",
            "Mass": "8.5\u00a0g",
            "Diameter": "25.75\u00a0mm",
            "Thickness": "2.20\u00a0mm",
            "Edge": "Edge lettering, fine milled. Exact design varies, see below.",
            "Composition": "Outer segment: copper-nickel.Inner segment: three layers: nickel-brass, nickel, nickel-brass.",
            "Years": "1999\u2013present",
            "Design": "Map of Europe with the denomination shown in Latin characters",
            "Designer": "Luc Luycx",
            "Design date": "2007",
            "Issuer": "N/A",
            "Period": "N/A",
            "Weight": "N/A",
            "Number": "N/A",
            "Orientation": "N/A",
            "References": "N/A",
            "Type": "N/A",
            "Shape": "N/A",
            "Technique": "N/A",
            "Currency": "N/A"
        }
    },
    "62": "10 Cents,Hong Kong dollar,hong_kong",
    "63": "50 Cents,Hong Kong dollar,hong_kong",
    "64": "1 Dollar,Hong Kong dollar,hong_kong",
    "65": "2 Dollars,Hong Kong dollar,hong_kong",
    "66": "5 Dollars,Hong Kong dollar,hong_kong",
    "67": "1 Forint,Hungarian Forint,hungary",
    "68": "2 Forint,Hungarian Forint,hungary",
    "69": "5 Forint,Hungarian Forint,hungary",
    "70": "10 Forint,Hungarian Forint,hungary",
    "71": "20 Forint,Hungarian Forint,hungary",
    "72": "50 Forint,Hungarian Forint,hungary",
    "73": "100 Forint,Hungarian Forint,hungary",
    "74": "200 Forint,Hungarian Forint,hungary",
    "75": "25 Paise,Indian Rupee,india",
    "76": "50 Paise,Indian Rupee,india",
    "77": "1 Rupee,Indian Rupee,india",
    "78": "2 Rupees,Indian Rupee,india",
    "79": "5 Rupees,Indian Rupee,india",
    "80": "10 Rupees,Indian Rupee,india",
    "81": "50 Rupiah,Indonesian Rupiah,indonesia",
    "82": "100 Rupiah,Indonesian Rupiah,indonesia",
    "83": "200 Rupiah,Indonesian Rupiah,indonesia",
    "84": "500 Rupiah,Indonesian Rupiah,indonesia",
    "85": "1000 Rupiah,Indonesian Rupiah,indonesia",
    "86": "5 Agorot,Israeli New Shekel,israel",
    "87": "10 Agorot,Israeli New Shekel,israel",
    "88": "1 2 New Sheqel,Israeli New Shekel,israel",
    "89": "1 New Sheqel,Israeli New Shekel,israel",
    "90": "2 New Sheqalim,Israeli New Shekel,israel",
    "91": "5 New Sheqalim,Israeli New Shekel,israel",
    "92": "10 New Sheqalim,Israeli New Shekel,israel",
    "93": "1 Yen,Japanese Yen,japan",
    "94": "5 Yen,Japanese Yen,japan",
    "95": "10 Yen,Japanese Yen,japan",
    "96": "50 Yen,Japanese Yen,japan",
    "97": "100 Yen,Japanese Yen,japan",
    "98": "500 Yen,Japanese Yen,japan",
    "99": "1 Won,Korean Won,south_korea",
    "100": "5 Won,Korean Won,south_korea",
    "101": "10 Won,Korean Won,south_korea",
    "102": "50 Won,Korean Won,south_korea",
    "103": "100 Won,Korean Won,south_korea",
    "104": "500 Won,Korean Won,south_korea",
    "105": "1 Sen,Malaysian Ringgit,malaysia",
    "106": "5 Sen,Malaysian Ringgit,malaysia",
    "107": "10 Sen,Malaysian Ringgit,malaysia",
    "108": "20 Sen,Malaysian Ringgit,malaysia",
    "109": "50 Sen,Malaysian Ringgit,malaysia",
    "110": "5 Centavos,Mexican peso,mexico",
    "111": "10 Centavos,Mexican peso,mexico",
    "112": "20 Centavos,Mexican peso,mexico",
    "113": "50 Centavos,Mexican peso,mexico",
    "114": "1 Peso,Mexican peso,mexico",
    "115": "2 Pesos,Mexican peso,mexico",
    "116": "5 Pesos,Mexican peso,mexico",
    "117": "10 Pesos,Mexican peso,mexico",
    "118": "5 Cents,New Zealand dollar,new_zealand",
    "119": "10 Cents,New Zealand dollar,new_zealand",
    "120": "20 Cents,New Zealand dollar,new_zealand",
    "121": "50 Cents,New Zealand dollar,new_zealand",
    "122": "1 Dollar,New Zealand dollar,new_zealand",
    "123": "2 Dollars,New Zealand dollar,new_zealand",
    "124": "50 Ore,Norwegian Krone,norway",
    "125": "1 Krone,Norwegian Krone,norway",
    "126": "5 Kroner,Norwegian Krone,norway",
    "127": "10 Kroner,Norwegian Krone,norway",
    "128": "20 Kroner,Norwegian Krone,norway",
    "129": "1 Rupee,Pakistan Rupee,pakistan",
    "130": "2 Rupees,Pakistan Rupee,pakistan",
    "131": "5 Rupees,Pakistan Rupee,pakistan",
    "132": "10 Rupees,Pakistan Rupee,pakistan",
    "133": "1 Sentimo,Philipine peso,philippines",
    "134": "5 Sentimos,Philipine peso,philippines",
    "135": "10 Sentimos,Philipine peso,philippines",
    "136": "25 Sentimos,Philipine peso,philippines",
    "137": "1 Piso,Philipine peso,philippines",
    "138": "5 Piso,Philipine peso,philippines",
    "139": "10 Piso,Philipine peso,philippines",
    "140": "1 Grosz,Polish Zloty,poland",
    "141": "2 Grosze,Polish Zloty,poland",
    "142": "5 Groszy,Polish Zloty,poland",
    "143": "10 Groszy,Polish Zloty,poland",
    "144": "20 Groszy,Polish Zloty,poland",
    "145": "50 Groszy,Polish Zloty,poland",
    "146": "1 Zloty,Polish Zloty,poland",
    "147": "2 Zlote,Polish Zloty,poland",
    "148": "5 Zlotych,Polish Zloty,poland",
    "149": "1 Kopek,Russian Ruble,russia",
    "150": "5 Kopeks,Russian Ruble,russia",
    "151": "10 Kopeks,Russian Ruble,russia",
    "152": "50 Kopeks,Russian Ruble,russia",
    "153": "1 Ruble,Russian Ruble,russia",
    "154": "2 Rubles,Russian Ruble,russia",
    "155": "5 Rubles,Russian Ruble,russia",
    "156": "10 Rubles,Russian Ruble,russia",
    "157": "1 Cent,Singapore Dollar,singapore",
    "158": "5 Cents,Singapore Dollar,singapore",
    "159": "10 Cents,Singapore Dollar,singapore",
    "160": "20 Cents,Singapore Dollar,singapore",
    "161": "50 Cents,Singapore Dollar,singapore",
    "162": "1 Dollar,Singapore Dollar,singapore",
    "163": "5 Dollars,Singapore Dollar,singapore",
    "164": "5 Cents,South African Rand,south_africa",
    "165": "10 Cents,South African Rand,south_africa",
    "166": "20 Cents,South African Rand,south_africa",
    "167": "50 Cents,South African Rand,south_africa",
    "168": "1 Rand,South African Rand,south_africa",
    "169": "2 Rand,South African Rand,south_africa",
    "170": "5 Rand,South African Rand,south_africa",
    "171": "10 Ore,Swedish Krona,sweden",
    "172": "50 Ore,Swedish Krona,sweden",
    "173": "1 Krona,Swedish Krona,sweden",
    "174": "2 Kronor,Swedish Krona,sweden",
    "175": "5 Kronor,Swedish Krona,sweden",
    "176": "10 Kronor,Swedish Krona,sweden",
    "177": "1 Rappen,Swiss Franc,switzerland",
    "178": "5 Rappen,Swiss Franc,switzerland",
    "179": "10 Rappen,Swiss Franc,switzerland",
    "180": "20 Rappen,Swiss Franc,switzerland",
    "181": "1 2 Franc,Swiss Franc,switzerland",
    "182": "1 Franc,Swiss Franc,switzerland",
    "183": "2 Francs,Swiss Franc,switzerland",
    "184": "5 Francs,Swiss Franc,switzerland",
    "185": "1 2 Dollar,taiwan Dollar,taiwan",
    "186": "1 Dollar,taiwan Dollar,taiwan",
    "187": "5 Dollars,taiwan Dollar,taiwan",
    "188": "10 Dollars,taiwan Dollar,taiwan",
    "189": "20 Dollars,taiwan Dollar,taiwan",
    "190": "50 Dollars,taiwan Dollar,taiwan",
    "191": "1 Satang,Thai Baht,thailand",
    "192": "5 Satang,Thai Baht,thailand",
    "193": "10 Satang,Thai Baht,thailand",
    "194": "25 Satang,Thai Baht,thailand",
    "195": "50 Satang,Thai Baht,thailand",
    "196": "1 Baht,Thai Baht,thailand",
    "197": "2 Baht,Thai Baht,thailand",
    "198": "5 Baht,Thai Baht,thailand",
    "199": "10 Baht,Thai Baht,thailand",
    "200": "1 Kurus,Turkish Lira,turkey",
    "201": "5 Kurus,Turkish Lira,turkey",
    "202": "10 Kurus,Turkish Lira,turkey",
    "203": "25 Kurus,Turkish Lira,turkey",
    "204": "50 Kurus,Turkish Lira,turkey",
    "205": "1 Lira,Turkish Lira,turkey",
    "206": "1 Cent,US Dollar,usa",
    "207": "5 Cents,US Dollar,usa",
    "208": "1 Dime,US Dollar,usa",
    "209": "1 4 Dollar,US Dollar,usa",
    "210": "1 2 Dollar,US Dollar,usa",
    "211": "1 Dollar,US Dollar,usa",
    "212": "200 VND, VietNam dong, vietnam",
    "213": "500 VND, VietNam dong, vietnam",
    "214": "1000 VND, VietNam dong, vietnam",
    "215": "2000 VND, VietNam dong, vietnam",
    "216": "5000 VND, VietNam dong, vietnam"
}