[
    {
        "categories": "Landscape",
	"id": "1",
        "link_img": "https://github.com/quockhanh09/Fake-Location-image/raw/main/koren/Bucheon%2C%20Gyeonggi-do%2C%20South%20Korea.jpg",
        "location": "Bucheon, Gyeonggi-do, South Korea"
    },
    {
        "categories": "Landscape",
	"id": "2",
        "link_img": "https://github.com/quockhanh09/Fake-Location-image/raw/main/koren/Gyeongbokgung%20Palace%2C%20Sajik%20ro%2C%20Jongno%20gu%2C%20Seoul%2C%20South%20Korea.jpg",
        "location": "Gyeongbokgung Palace, Sajik ro, Jongno gu, Seoul, South Korea."
    },
    {
        "categories": "Landscape",
	"id": "3",
        "link_img": "https://github.com/quockhanh09/Fake-Location-image/raw/main/koren/Gyeongbokgung%20Palace%2C%20Seoul%2C%20South%20Korea.jpg",
        "location": "Gyeongbokgung Palace, Seoul, South Korea"
    },
    {
        "categories": "Landscape",
        "link_img": "https://github.com/quockhanh09/Fake-Location-image/raw/main/koren/Jongno-gu%2C%20Seoul%2C%20South%20Korea.jpg",
        "location": "Jongno-gu, Seoul, South Korea"
    },
    {	"id": "4",
        "categories": "Landscape",
        "link_img": "https://github.com/quockhanh09/Fake-Location-image/raw/main/koren/Seoul%2C%20Seoul%2C%20South%20Korea.jpg",
        "location": "Seoul, Seoul, South Korea"
    },
    {
"id": "5",
        "categories": "Landscape",
        "link_img": "https://github.com/quockhanh09/Fake-Location-image/raw/main/koren/Seoul%2C%20South%20Korea.jpg",
        "location": "Seoul, South Korea"
    },
    {
	"id": "6",
        "categories": "Landscape",
        "link_img": "https://github.com/quockhanh09/Fake-Location-image/raw/main/koren/Seoul%2C%20%EB%8C%80%ED%95%9C%EB%AF%BC%EA%B5%AD.jpg",
        "location": "Seoul, 대한민국 Korea"
    },
    {	"id": "7",
        "categories": "Landscape",
        "link_img": "https://github.com/quockhanh09/Fake-Location-image/raw/main/koren/%EC%84%9C%EC%9A%B8%ED%8A%B9%EB%B3%84%EC%8B%9C%2C%20%EB%8C%80%ED%95%9C%EB%AF%BC%EA%B5%AD.jpg",
        "location": "서울특별시, 대한민국,Korea"
    },
    {
        "categories": "people",
        "id": "8",
        "link_img": "https://github.com/quockhanh09/Fake-Location-image/raw/main/usa/pexels-photo-16353850.jpeg",
        "location": "New York,USA"
    },
    {
        "categories": "Landscape",
        "id": "9",
        "link_img": "https://github.com/quockhanh09/Fake-Location-image/raw/main/usa/pexels-photo-14505976.jpeg",
        "location": "San Francisco, California,USA."
    },
    {
        "categories": "Landscape",
        "id": "10",
        "link_img": "https://github.com/quockhanh09/Fake-Location-image/raw/main/usa/pexels-photo-2387418.jpeg",
        "location": "Moraine Lake,USA"
    },
    {
        "categories": "Landscape",
        "id": "11",
        "link_img": "https://github.com/quockhanh09/Fake-Location-image/raw/main/usa/24a5b5412a5a882f845e605e7b2f9d22.jpg",
        "location": "Golden Gate Bridge,USA"
    },
    {
        "categories": "Landscape",
        "id": "12",
        "link_img": "https://github.com/quockhanh09/Fake-Location-image/raw/main/usa/4b91cb97aae7a0595352adde8c2d1f21.jpg",
        "location": "Golden Gate Bridge,USA"
    },
    {
        "categories": "Landscape",
        "id": "13",
        "link_img": "https://github.com/quockhanh09/Fake-Location-image/raw/main/usa/56829b9305a3f0c456c64b3865220432.jpg",
        "location": "Times Square, New York,USA"
    },
    {
        "categories": "Landscape",
        "id": "14",
        "link_img": "https://github.com/quockhanh09/Fake-Location-image/raw/main/usa/Hollywood%20Walk%20of%20Fame%20in%20Los%20Angeles%2C%20USA%20-%20Copy.jpg",
        "location": "Walk Of Fame,New York,USA"
    },
    {
        "categories": "Landscape",
        "id": "15",
        "link_img": "https://github.com/quockhanh09/Fake-Location-image/raw/main/usa/Hollywood%20Walk%20of%20Fame.jpg",
        "location": "Walk Of Fame,New York,USA"
    },
    {
        "categories": "Landscape",
        "id": "16",
        "link_img": "https://github.com/quockhanh09/Fake-Location-image/raw/main/usa/Hollywood_%20View%20Of%20The%20Walk%20Of%20Fame%20Editorial%20Stock%20Photo%20-%20Image%20of%20actress%2C%20tour_%2018098373.jpg",
        "location": "Walk Of Fame,New York,USA"
    },
    {
        "categories": "Landscape",
        "id": "17",
        "link_img": "https://github.com/quockhanh09/Fake-Location-image/raw/main/usa/Los%20Angeles.jpg",
        "location": "Walk Of Fame,New York,USA"
    },
    {
        "categories": "Landscape",
        "id": "18",
        "link_img": "https://github.com/quockhanh09/Fake-Location-image/raw/main/usa/adam-bezer-D6kWPw3b79Y-unsplash%20-%20Copy.jpg",
        "location": "Licoln Memorial,USA"
    },
    {
        "categories": "Landscape",
        "id": "19",
        "link_img": "https://github.com/quockhanh09/Fake-Location-image/raw/main/usa/caleb-kim-EjyBKVQbObI-unsplash%20-%20Copy.jpg",
        "location": "Licoln Memorial,USA"
    },
    {
        "categories": "Landscape",
        "id": "20",
        "link_img": "https://github.com/quockhanh09/Fake-Location-image/raw/main/usa/chris-turgeon-WTvB5fTqc8Q-unsplash%20-%20Copy.jpg",
        "location": "Statue of Liberty,USA"
    },
    {
        "categories": "Landscape",
        "id": "21",
        "link_img": "https://github.com/quockhanh09/Fake-Location-image/raw/main/usa/caleb-kim-EjyBKVQbObI-unsplash%20-%20Copy.jpg",
        "location": "Licoln Memorial,USA"
    },
    {
        "categories": "Landscape",
        "id": "22",
        "link_img": "https://github.com/quockhanh09/Fake-Location-image/raw/main/usa/drew-darby-6PEzRlZcO4U-unsplash.jpg",
        "location": "Mount Rushmore,USA"
    },
    {
        "categories": "Landscape",
        "id": "23",
        "link_img": "https://github.com/quockhanh09/Fake-Location-image/raw/main/usa/golden-495.jpg",
        "location": "Golden Gate Bridge,USA"
    },
    {
        "categories": "Landscape",
        "id": "24",
        "link_img": "https://github.com/quockhanh09/Fake-Location-image/raw/main/usa/golden-gate-6907401_1920.jpg",
        "location": "Golden Gate Bridge,USA"
    },
    {
        "categories": "Landscape",
        "id": "25",
        "link_img": "https://github.com/quockhanh09/Fake-Location-image/raw/main/usa/louis-velazquez-XWW746i6WoM-unsplash.jpg",
        "location": "Licoln Memorial,USA"
    },
    {
        "categories": "Landscape",
        "id": "26",
        "link_img": "https://github.com/quockhanh09/Fake-Location-image/raw/main/usa/josh-miller-GyMIjpznBmY-unsplash.jpg",
        "location": "Mount Rushmore,USA"
    },
    {
        "categories": "Landscape",
        "id": "27",
        "link_img": "https://github.com/quockhanh09/Fake-Location-image/raw/main/usa/oscar-salgado-YPd01Lis9UI-unsplash.jpg",
        "location": "Statue of Liberty,USA"
    },
    {
        "categories": "Landscape",
        "id": "28",
        "link_img": "https://github.com/quockhanh09/Fake-Location-image/raw/main/usa/rene-deanda-zfKlCKK-Ql0-unsplash.jpg",
        "location": "White House,USA"
    },
    {
        "categories": "Landscape",
        "id": "29",
        "link_img": "https://github.com/quockhanh09/Fake-Location-image/raw/main/usa/suzy-brooks-BbpEbkAy818-unsplash.jpg",
        "location": "White House,USA"
    },
    {
        "categories": "Landscape",
        "id": "30",
        "link_img": "https://github.com/quockhanh09/Fake-Location-image/raw/main/usa/usa-2255990_960_720%20(1).jpg",
        "location": "Golden Gate Bridge,USA"
    },
    {
        "categories": "Landscape",
        "id": "31",
        "link_img": "https://github.com/quockhanh09/Fake-Location-image/raw/main/usa/vinayak-sharma-xFpB63IlwNo-unsplash.jpg",
        "location": "Statue of Liberty,USA"
    },
    {
        "categories": "Landscape",
        "id": "32",
        "link_img": "https://github.com/quockhanh09/Fake-Location-image/raw/main/usa/will-ma-vMvVT9MEk9k-unsplash.jpg",
        "location": "Licoln Memorial,USA"
    },
    {
        "categories": "Landscape",
        "id": "33",
        "link_img": "https://github.com/quockhanh09/Fake-Location-image/raw/main/japan/alex-knight-vaA6EQiUSo4-unsplash.jpg",
        "location": "Shibuya,Tokyo,Japan"
    },
    {
        "categories": "Landscape",
        "id": "34",
        "link_img": "https://github.com/quockhanh09/Fake-Location-image/raw/main/japan/c-m-DEQa7uZFRbw-unsplash.jpg",
        "location": "Akihabara,Tokyo,Japan"
    },
    {
        "categories": "Landscape",
        "id": "35",
        "link_img": "https://github.com/quockhanh09/Fake-Location-image/raw/main/japan/daniel-tseng-Xq1ntWruZQI-unsplash.jpg",
        "location": "Kyoto,Japan"
    },
    {
        "categories": "Landscape",
        "id": "36",
        "link_img": "https://github.com/quockhanh09/Fake-Location-image/raw/main/japan/erik-eastman-4HG5hlhmZg8-unsplash.jpg",
        "location": "Shibuya,Tokyo,Japan"
    },
    {
        "categories": "Landscape",
        "id": "37",
        "link_img": "https://github.com/quockhanh09/Fake-Location-image/raw/main/japan/fahrul-azmi-chTe2CU58L0-unsplash.jpg",
        "location": "Osaka Castle,Japan"
    },
    {
        "categories": "Landscape",
        "id": "38",
        "link_img": "https://github.com/quockhanh09/Fake-Location-image/raw/main/japan/gwen-king-3OdajQGd9sk-unsplash.jpg",
        "location": "Akihabara,Tokyo,Japan"
    },
    {
        "categories": "Landscape",
        "id": "39",
        "link_img": "https://github.com/quockhanh09/Fake-Location-image/raw/main/japan/hua-thun-ho-t863gJ_L2ug-unsplash.jpg",
        "location": "Mount Fuji,Japan"
    },
    {
        "categories": "Landscape",
        "id": "40",
        "link_img": "https://github.com/quockhanh09/Fake-Location-image/raw/main/japan/jezael-melgoza-7H77FWkK_x4-unsplash.jpg",
        "location": "Tokyo Tower,Japan"
    },
    {
        "categories": "Landscape",
        "id": "41",
        "link_img": "https://github.com/quockhanh09/Fake-Location-image/raw/main/japan/jezael-melgoza-CudNrzbsyZw-unsplash.jpg",
        "location": "Shibuya,Tokyo,Japan"
    },
    {
        "categories": "Landscape",
        "id": "42",
        "link_img": "https://github.com/quockhanh09/Fake-Location-image/raw/main/japan/jezael-melgoza-alY6_OpdwRQ-unsplash.jpg",
        "location": "Shibuya,Tokyo,Japan"
    },
    {
        "categories": "Landscape",
        "id": "43",
        "link_img": "https://github.com/quockhanh09/Fake-Location-image/raw/main/japan/jordan-duca-aOqEXM_zI_4-unsplash.jpg",
        "location": "Akihabara,Tokyo,Japan"
    },
    {
        "categories": "Landscape",
        "id": "44",
        "link_img": "https://github.com/quockhanh09/Fake-Location-image/raw/main/japan/kit-ko-9zYjlA4LqTU-unsplash.jpg",
        "location": "Osaka,Japan"
    },
    {
        "categories": "Landscape",
        "id": "45",
        "link_img": "https://github.com/quockhanh09/Fake-Location-image/raw/main/japan/luke-stackpoole-V7X-N7msDoc-unsplash.jpg",
        "location": "Mount Fuji,Japan"
    },
    {
        "categories": "Landscape",
        "id": "46",
        "link_img": "https://github.com/quockhanh09/Fake-Location-image/raw/main/japan/ming-fang-EWghkd1LDJc-unsplash.jpg",
        "location": "Akihabara,Tokyo,Japan"
    },
    {
        "categories": "Landscape",
        "id": "47",
        "link_img": "https://github.com/quockhanh09/Fake-Location-image/raw/main/japan/pexels-photo-3800103.jpeg",
        "location": "Shibuya,Tokyo,Japan"
    },
    {
        "categories": "Landscape",
        "id": "48",
        "link_img": "https://github.com/quockhanh09/Fake-Location-image/raw/main/japan/robby-mccullough-pJZLsnh_9Mg-unsplash.jpg",
        "location": "Osaka,Japan"
    },
    {
        "categories": "Landscape",
        "id": "49",
        "link_img": "https://github.com/quockhanh09/Fake-Location-image/raw/main/japan/romeo-a-SlIl9eZjWUc-unsplash.jpg",
        "location": "Kyoto,Japan"
    },
    {
        "categories": "Landscape",
        "id": "50",
        "link_img": "18https://github.com/quockhanh09/Fake-Location-image/raw/main/japan/romeo-a-lRk99Hn1bMQ-unsplash.jpg",
        "location": "Kyoto,Japan"
    },
    {
        "categories": "Landscape",
        "id": "51",
        "link_img": "https://github.com/quockhanh09/Fake-Location-image/raw/main/japan/sen-lee-ONVTx6339Bg-unsplash.jpg",
        "location": "Kyoto,Japan"
    },
    {
        "categories": "Landscape",
        "id": "52",
        "link_img": "https://github.com/quockhanh09/Fake-Location-image/raw/main/japan/shirley-wang-El6mb-RUDC4-unsplash.jpg",
        "location": "Tokyo Tower,Japan"
    },
    {
        "categories": "Landscape",
        "id": "53",
        "link_img": "https://github.com/quockhanh09/Fake-Location-image/raw/main/japan/sorasak-_UIN-pFfJ7c-unsplash.jpg",
        "location": "Kyoto,Japan"
    },
    {
        "categories": "Landscape",
        "id": "54",
        "link_img": "https://github.com/quockhanh09/Fake-Location-image/raw/main/japan/sunil-naik-hkLOXLA8QEA-unsplash.jpg",
        "location": "Mount Fuji,Japan"
    },
    {
        "categories": "Landscape",
        "id": "55",
        "link_img": "https://github.com/quockhanh09/Fake-Location-image/raw/main/japan/yifan-cong-DKD8Kw_0CsI-unsplash.jpg",
        "location": "Kyoto,Japan"
    },
    {
        "categories": "Landscape",
        "id": "56",
        "link_img": "https://github.com/quockhanh09/Fake-Location-image/raw/main/japan/yuya-uzu-12FSd06Rsz4-unsplash.jpg",
        "location": "Shibuya,Tokyo,Japan"
    },{
	"id": "57",
        "categories": "Landscape",
        "link_img": "https://github.com/quockhanh09/Fake-Location-image/raw/main/canada/pexels-photo-1266810.jpeg",
        "location": "Moraine Lake,Canada"
    },
    {
"id": "58",
        "categories": "Landscape",
        "link_img": "https://github.com/quockhanh09/Fake-Location-image/raw/main/canada/pexels-photo-1450082.jpeg",
        "location": "Moraine Lake,Canada"
    },
    {
"id": "59",
        "categories": "Landscape",
        "link_img": "https://github.com/quockhanh09/Fake-Location-image/raw/main/canada/pexels-photo-1486974.jpeg",
        "location": "Moraine Lake,Canada"
    },
    {
"id": "60",
        "categories": "Landscape",
        "link_img": "https://github.com/quockhanh09/Fake-Location-image/raw/main/canada/pexels-photo-2440021.jpeg",
        "location": "Moraine Lake,Canada"
    },
    {
"id": "61",    
        "categories": "Landscape",
        "link_img": "https://github.com/quockhanh09/Fake-Location-image/raw/main/canada/pexels-photo-2662116.jpeg",
        "location": "Moraine Lake,Canada"
    },
    {
"id": "62",
        "categories": "Landscape",
        "link_img": "https://github.com/quockhanh09/Fake-Location-image/raw/main/canada/pexels-photo-2669155.jpeg",
        "location": "Moraine Lake,Canada"
    },
    {
"id": "63",
        "categories": "Landscape",
        "link_img": "https://github.com/quockhanh09/Fake-Location-image/raw/main/canada/pexels-photo-808465.jpeg",
        "location": "Moraine Lake,Canada"
    },
    {
"id": "64",
        "categories": "Landscape",
        "link_img": "https://github.com/quockhanh09/Fake-Location-image/raw/main/france/228%20Rue%20de%20l'Universit%C3%A9%2C%2075007%20Paris%2C%20France%2C%20Paris.jpg",
        "location": "228 Rue de l'Université, 75007 Paris, France, Paris, France"
    },
    {
"id": "65",
        "categories": "Landscape",
        "link_img": "https://github.com/quockhanh09/Fake-Location-image/raw/main/france/Bazilica%20Sacr%C3%A9-C%C5%93ur%2C%20Paris%2C%20France%20(2).jpg",
        "location": "Bazilica Sacré-Cœur, Paris, France"
    },
    {"id": "66",
        "categories": "Landscape",
        "link_img": "https://github.com/quockhanh09/Fake-Location-image/raw/main/france/Bazilica%20Sacr%C3%A9-C%C5%93ur%2C%20Paris%2C%20France.jpg",
        "location": "Bazilica Sacré-Cœur, Paris, France"
    },
    {
"id": "67",
        "categories": "Landscape",
        "link_img": "https://github.com/quockhanh09/Fake-Location-image/raw/main/france/Cath%C3%A9drale%20Sainte%20Croix%20d'Orl%C3%A9ans%2C%20Place%20Sainte%20Croix%2C%20Orl%C3%A9ans%2C%20France.jpg",
        "location": "Cathédrale Sainte Croix d'Orléans, Place Sainte Croix, Orléans, France"
    },
    {
"id": "68",
        "categories": "Landscape",
        "link_img": "https://github.com/quockhanh09/Fake-Location-image/raw/main/france/Eiffel%20Tower%2C%20Paris%2C%20France%20(2).jpg",
        "location": "Eiffel Tower, Paris, France"
    },
    {
"id": "69",
        "categories": "Landscape",
        "link_img": "https://github.com/quockhanh09/Fake-Location-image/raw/main/france/Eiffel%20Tower%2C%20Paris%2C%20France.jpg",
        "location": "Eiffel Tower, Paris, France"
    },
    {
        "categories": "Landscape",
        "link_img": "https://github.com/quockhanh09/Fake-Location-image/raw/main/france/Louvre%20Museum%2C%20Rue%20de%20Rivoli%2C%20Paris%2C%20France.jpg",
        "location": "Le Mont-Saint-Michel, Le Mont-Saint-Michel, France"
    },
    {"id": "70",
        "categories": "Landscape",
        "link_img": "https://github.com/quockhanh09/Fake-Location-image/raw/main/france/Louvre%20Museum%2C%20Rue%20de%20Rivoli%2C%20Paris%2C%20France.jpg",
        "location": "Louvre Museum, Rue de Rivoli, Paris, France"
    },
    {
"id": "71",
        "categories": "Landscape",
        "link_img": "https://github.com/quockhanh09/Fake-Location-image/raw/main/france/Paris%2C%20France.jpg",
        "location": "Paris, France"
    },
    {
"id": "72",
        "categories": "Landscape",
        "link_img": "https://github.com/quockhanh09/Fake-Location-image/raw/main/italia/Burano%2C%20Venice%2C%20Italy.jpg",
        "location": "Burano, Venice, Italy"
    },
    {
"id": "73",
        "categories": "Landscape",
        "link_img": "https://github.com/quockhanh09/Fake-Location-image/raw/main/italia/Cinque%20Terre%2C%20SP%2C%20Italy.jpg",
        "location": "Cinque Terre, SP, Italy"
    },
    {"id": "74",
        "categories": "Landscape",
        "link_img": "https://github.com/quockhanh09/Fake-Location-image/raw/main/italia/Dolomites%2C%20Italy.jpg",
        "location": "Dolomites, Italy"
    },
    {
"id": "75",
        "categories": "Landscape",
        "link_img": "https://github.com/quockhanh09/Fake-Location-image/raw/main/italia/Dolomites%2C%20Monte%20Piana%2C%20Italy.jpg",
        "location": "Dolomites, Monte Piana, Italy"
    },
    {"id": "77",
        "categories": "Landscape",
        "link_img": "https://github.com/quockhanh09/Fake-Location-image/raw/main/italia/Dolomiti%20di%20Brenta%2C%20Molveno%2C%20TN%2C%20Italia.jpg",
        "location": "Dolomiti di Brenta, Molveno, TN, Italy"
    },
    {"id": "78",
        "categories": "Landscape",
        "link_img": "https://github.com/quockhanh09/Fake-Location-image/raw/main/italia/Fontana%20di%20Trevi%2C%20Piazza%20di%20Trevi%2C%20Roma%2C%20RM%2C%20Italia.jpg",
        "location": "ontana di Trevi, Piazza di Trevi, Roma, RM, Italy"
    },
    {	"id": "79",
        "categories": "Landscape",
        "link_img": "https://github.com/quockhanh09/Fake-Location-image/raw/main/italia/Lago%20di%20Braies%2C%20Prags%2C%20South%20Tyrol%2C%20Italy%20(2).jpg",
        "location": "Lago di Braies, Prags, South Tyrol, Italy (2)"
    },
    {	"id": "80",
        "categories": "Landscape",
        "link_img": "https://github.com/quockhanh09/Fake-Location-image/raw/main/italia/Lago%20di%20Braies%2C%20Prags%2C%20South%20Tyrol%2C%20Italy.jpg",
        "location": "Lago di Braies, Prags, South Tyrol, Italy "
    },
    {	"id": "81",
        "categories": "Landscape",
        "link_img": "https://github.com/quockhanh09/Fake-Location-image/raw/main/italia/Leaning%20Tower%20of%20Pisa%2C%20Pisa%2C%20Italy%20(2).jpg",
        "location": "Leaning Tower of Pisa, Pisa, Italy (2)"
    },
    {	"id": "82",
        "categories": "Landscape",
        "link_img": "https://github.com/quockhanh09/Fake-Location-image/raw/main/italia/Leaning%20Tower%20of%20Pisa%2C%20Pisa%2C%20Italy%20(3).jpg",
        "location": "Leaning Tower of Pisa, Pisa, Italy"
    },
    {	"id": "83",
        "categories": "Landscape",
        "link_img": "https://github.com/quockhanh09/Fake-Location-image/raw/main/italia/Leaning%20Tower%20of%20Pisa%2C%20Pisa%2C%20Italy.jpg",
        "location": "Leaning Tower of Pisa, Pisa, Italy(3)"
    },
    {	"id": "84",
        "categories": "Landscape",
        "link_img": "https://github.com/quockhanh09/Fake-Location-image/raw/main/italia/Milano%2C%20Metropolitan%20City%20of%20Milan%2C%20Italy.jpg",
        "location": "Milano, Metropolitan City of Milan, Italy"
    },
    {	"id": "85",
        "categories": "Landscape",
        "link_img": "https://github.com/quockhanh09/Fake-Location-image/raw/main/italia/Pale%20di%20San%20Martino%2C%20Tonadico%2C%20TN%2C%20Italia.jpg",
        "location": "Pale di San Martino, Tonadico, TN, Italy"
    },
    {	"id": "86",
        "categories": "Landscape",
        "link_img": "https://github.com/quockhanh09/Fake-Location-image/raw/main/italia/Palermo%2C%20Palermo%2C%20Italia.jpg",
        "location": "Palermo, Palermo, Italy"
    },
    {		"id": "87",
        "categories": "Landscape",
        "link_img": "https://github.com/quockhanh09/Fake-Location-image/raw/main/italia/Piazza%20Duomo%2C%20Milano%2C%20MI%2C%20Italia.jpg",
        "location": "Piazza Duomo, Milano, MI, Italy"
    },
    {	"id": "88",
        "categories": "Landscape",
        "link_img": "https://github.com/quockhanh09/Fake-Location-image/raw/main/italia/Pisa%2C%20PI%2C%20Italia.jpg",
        "location": "Pisa, PI, Italy"
    },
    {	"id": "89",
        "categories": "Landscape",
        "link_img": "https://github.com/quockhanh09/Fake-Location-image/raw/main/italia/Pisa%2C%20Province%20of%20Pisa%2C%20Italy.jpg",
        "location": "Pisa, Province of Pisa, Italy"
    },
    {	"id": "90",
        "categories": "Landscape",
        "link_img": "https://github.com/quockhanh09/Fake-Location-image/raw/main/italia/Roma%2C%20RM%2C%20Italia.jpg",
        "location": "Roma, RM, Italy"
    },
    {		"id": "91",
        "categories": "Landscape",
        "link_img": "https://github.com/quockhanh09/Fake-Location-image/raw/main/italia/Rome%2C%20RM%2C%20Italia.jpg",
        "location": "Rome, RM, Italy"
    },
    {		"id": "92",
        "categories": "Landscape",
        "link_img": "https://github.com/quockhanh09/Fake-Location-image/raw/main/italia/Venice%2C%20Metropolitan%20City%20of%20Venice%2C%20Italy.jpg",
        "location": "Venice, Metropolitan City of Venice, Italy"
    },
    {	"id": "93",
        "categories": "people",
        "link_img": "https://github.com/quockhanh09/Fake-Location-image/raw/main/Netherlands/pexels-photo-13273106.jpeg",
        "location": "Rotterdam,Netherlands"
    },
    {	"id": "363",
        "categories": "people",
        "link_img": "https://github.com/quockhanh09/Fake-Location-image/raw/main/Netherlands/pexels-photo-14830030.jpeg",
        "location": "The Hague, Netherlands"
    },
    {	"id": "94",
        "categories": "Landscape",
        "link_img": "https://github.com/quockhanh09/Fake-Location-image/raw/main/Netherlands/Amsterdam%2C%20Netherlands%20(2).jpg",
        "location": "Amsterdam, Netherlands (2)"
    },
    {	"id": "95",
        "categories": "Landscape",
        "link_img": "https://github.com/quockhanh09/Fake-Location-image/raw/main/Netherlands/Amsterdam%2C%20Netherlands%20(3).jpg",
        "location": "Amsterdam, Netherlands (3)"
    },
    {	"id": "96",
        "categories": "Landscape",
        "link_img": "https://github.com/quockhanh09/Fake-Location-image/raw/main/Netherlands/Amsterdam%2C%20Netherlands.jpg",
        "location": "Amsterdam, Netherlands"
    },
    {	"id": "97",
        "categories": "Landscape",
        "link_img": "https://github.com/quockhanh09/Fake-Location-image/raw/main/Netherlands/Den%20Hoorn%20Texel%2C%20Netherlands.jpg",
        "location": "Den Hoorn Texel, Netherlands"
    },
    {	"id": "98",
        "categories": "Landscape",
        "link_img": "https://github.com/quockhanh09/Fake-Location-image/raw/main/Netherlands/Giethoorn%2C%20Netherlands.jpg",
        "location": "Giethoorn, Netherlands"
    },
    {	"id": "99",
        "categories": "Landscape",
        "link_img": "https://github.com/quockhanh09/Fake-Location-image/raw/main/Netherlands/Netherlands.jpg",
        "location": "Netherlands"
    },
    {	"id": "101",
        "categories": "Landscape",
        "link_img": "https://github.com/quockhanh09/Fake-Location-image/raw/main/Netherlands/Slingerpad%2C%20Uden%2C%20Netherlands.jpg",
        "location": "Slingerpad, Uden, Netherlands"
    },
    {	"id": "102",
        "categories": "Landscape",
        "link_img": "https://github.com/quockhanh09/Fake-Location-image/raw/main/Netherlands/Veere%2C%20Netherlands.jpg",
        "location": "Veere, Netherlands"
    },
    {	"id": "103",
        "categories": "Landscape",
        "link_img": "https://github.com/quockhanh09/Fake-Location-image/raw/main/Netherlands/Volendam%2C%20Netherlands%20(2).jpg",
        "location": "Volendam, Netherlands (2)"
    },
    {	"id": "104",
        "categories": "Landscape",
        "link_img": "https://github.com/quockhanh09/Fake-Location-image/raw/main/Netherlands/Volendam%2C%20Netherlands.jpg",
        "location": "Volendam, Netherlands"
    },
    {	"id": "105",
        "categories": "Landscape",
        "link_img": "https://github.com/quockhanh09/Fake-Location-image/raw/main/Netherlands/Zaanse%20Schans%2C%201509%20Zaandam%2C%20Netherlands.jpg",
        "location": "Zaanse Schans, 1509 Zaandam, Netherlands"
    },
    {	"id": "106",
        "categories": "Landscape",
        "link_img": "https://github.com/quockhanh09/Fake-Location-image/raw/main/Netherlands/Zoutelande%2C%20Netherlands%20(2).jpg",
        "location": "Zoutelande, Netherlands (2)"
    },
    {	"id": "107",
        "categories": "Landscape",
        "link_img": "https://github.com/quockhanh09/Fake-Location-image/raw/main/Netherlands/Zoutelande%2C%20Netherlands.jpg",
        "location": "Zoutelande, Netherlands "
    }
]